recording_id,species_id,songtype_id,t_min,f_min,t_max,f_max,raw_recording_id,confidence,has_other
003bec244_0,14,1,44.544,2531.25,45.1307,5531.25,003bec244,0.3805854916572571,0
006ab765f_1,23,1,39.9615,7235.16,46.0452,11283.4,006ab765f,0.9957530498504639,0
007f87ba2_2,12,1,39.135999999999996,562.5,42.272,3281.25,007f87ba2,0.15485481917858124,1
0099c367b_3,17,4,51.4206,1464.26,55.1996,4565.04,0099c367b,0.9866581559181213,0
009b760e6_4,10,1,50.0854,947.461,52.5293,10852.7,009b760e6,0.9848625063896179,1
00b404881_5,8,1,0.0747,3750.0,4.1973,5531.25,00b404881,0.9437277317047119,1
00d442df7_6,0,1,19.3653,5906.25,20.16,8250.0,00d442df7,0.9985874891281128,0
011f25080_7,18,1,5.6853,3187.5,6.3787,5062.5,011f25080,0.9999364614486694,0
015113cad_8,15,1,50.0533,93.75,53.3973,1125.0,015113cad,0.9958555102348328,1
0151b7d20_9,1,1,46.032,3843.75,46.928000000000004,5625.0,0151b7d20,0.9939883947372437,0
01b41f92b_10,6,1,44.24,562.5,46.38399999999999,4406.25,01b41f92b,0.9999607801437378,0
0201197ec_11,10,1,43.3575,947.461,45.8014,10852.7,0201197ec,0.9944381713867188,0
0209f7ab2_12,7,1,50.7573,4687.5,53.8987,11437.5,0209f7ab2,0.10614517331123352,1
0268057eb_13,0,1,25.4987,5906.25,26.2933,8250.0,0268057eb,0.9876320362091064,0
0275e127d_14,11,1,11.9989,1808.79,13.1367,5684.77,0275e127d,0.9995181560516357,0
0295e3234_15,11,1,5.1606,1808.79,6.2984,5684.77,0295e3234,0.9999517202377319,0
0297d886e_16,13,1,57.808,93.75,58.431999999999995,843.75,0297d886e,0.9999948740005493,0
02b9a8ab9_17,12,1,33.9093,562.5,37.0453,3281.25,02b9a8ab9,0.9998766183853149,0
0313e82cf_18,16,4,21.471999999999998,3093.75,23.3067,4593.75,0313e82cf,0.9986196756362915,0
03b96f209_19,16,4,30.9333,3093.75,32.768,4593.75,03b96f209,0.9998055100440979,0
03b96f209_20,16,4,49.632,3093.75,51.4667,4593.75,03b96f209,0.017118357121944427,1
03d77fede_21,0,1,44.4107,5906.25,45.2053,8250.0,03d77fede,0.9933226704597473,1
043356ff8_22,18,1,0.1227,3187.5,0.816,5062.5,043356ff8,0.9996836185455322,0
04975ecd8_23,19,1,54.38399999999999,281.25,55.93600000000001,2812.5,04975ecd8,0.9997144341468811,0
04d6b1fc1_24,17,4,4.7307,1406.25,7.3387,3937.5,04d6b1fc1,0.9996726512908936,0
04e70a8e3_25,7,1,23.5947,4687.5,26.736,11437.5,04e70a8e3,0.8715500235557556,1
0509303a5_26,6,1,23.7013,562.5,25.8453,4406.25,0509303a5,0.9999998807907104,0
050d0ca85_27,3,1,49.92,1031.25,50.6613,2812.5,050d0ca85,0.9537394642829895,0
053aeb7bd_28,23,4,9.8569,6459.96,17.7807,11627.9,053aeb7bd,0.9889184832572937,0
053aeb7bd_29,23,4,0.9520000000000001,6459.96,8.8758,11627.9,053aeb7bd,0.9873855113983154,0
055088446_30,14,1,58.992,3750.0,59.263999999999996,6468.75,055088446,0.9881442785263062,1
055d22517_31,10,1,47.5835,947.461,50.0274,10852.7,055d22517,0.9964053630828857,0
057802c25_32,11,1,4.2202,1808.79,5.358,5684.77,057802c25,0.9974478483200073,0
05b9c974c_33,2,1,31.984,468.75,33.76,3000.0,05b9c974c,0.5487072467803955,1
05f8c0f2f_34,4,1,26.5867,2343.75,28.4427,4218.75,05f8c0f2f,0.9763191342353821,1
067f49f8b_35,0,1,53.29600000000001,5906.25,54.0907,8250.0,067f49f8b,0.9866620898246765,0
068f1b8e2_36,12,1,22.864,562.5,26.0,3281.25,068f1b8e2,0.9999679327011108,0
06a0c48c9_37,0,1,57.2213,5906.25,58.01600000000001,8250.0,06a0c48c9,0.9578480124473572,1
06c44d203_38,3,1,1.28,1031.25,2.0213,2812.5,06c44d203,0.04262525588274002,1
073e4d908_39,12,1,12.495999999999999,562.5,15.632,3281.25,073e4d908,0.9991958737373352,0
078788674_40,15,1,41.36,93.75,44.70399999999999,1125.0,078788674,0.8446331024169922,1
07d1687e0_41,8,1,0.064,3750.0,4.1867,5531.25,07d1687e0,0.9498530030250549,1
07dcf40f7_42,10,1,27.237,947.461,29.6809,10852.7,07dcf40f7,0.9999356269836426,0
07f1227b0_43,1,1,32.9387,3843.75,33.8347,5625.0,07f1227b0,0.0037350719794631004,1
08db743d0_44,16,4,38.3787,3093.75,40.2133,4593.75,08db743d0,0.9973899722099304,0
090ae427d_45,7,1,26.1387,4687.5,29.28,11437.5,090ae427d,0.204207643866539,1
09315d9bf_46,22,1,49.69600000000001,10687.5,51.3013,13687.5,09315d9bf,0.999052107334137,0
0968aea09_47,12,1,5.7707,562.5,8.9067,3281.25,0968aea09,0.994272768497467,0
09a946316_48,23,1,50.4744,7235.16,56.558,11283.4,09a946316,0.9987687468528748,0
0a350d11c_49,19,1,11.5253,281.25,13.0773,2812.5,0a350d11c,0.9997029900550842,0
0a9cdd8a5_50,7,1,22.2827,4687.5,25.424,11437.5,0a9cdd8a5,0.7552493810653687,1
0ab6aa734_51,9,1,49.4773,843.75,53.04,5718.75,0ab6aa734,0.16908931732177734,1
0b2fa3f80_52,12,1,3.0133,562.5,6.1493,3281.25,0b2fa3f80,0.2779867649078369,1
0b3ef9c4e_53,6,1,44.3733,562.5,46.5173,4406.25,0b3ef9c4e,0.9998751878738403,0
0c2124550_54,21,1,18.2293,3281.25,19.3227,4125.0,0c2124550,0.9996232986450195,0
0c448e77c_55,17,4,36.2638,1464.26,40.0428,4565.04,0c448e77c,0.11021296679973602,0
0c48ed342_56,17,1,50.032,1312.5,56.4853,3937.5,0c48ed342,0.924286425113678,1
0c936a1d4_57,17,4,48.2453,1406.25,50.8533,3937.5,0c936a1d4,0.9539991617202759,0
0cb4632d6_58,13,1,47.1467,93.75,47.7707,843.75,0cb4632d6,0.9970878958702087,0
0d25045a9_59,1,1,47.2693,3843.75,48.1653,5625.0,0d25045a9,0.9826369881629944,0
0e034f968_60,2,1,1.8933,468.75,3.6693,3000.0,0e034f968,0.9972661733627319,0
0e29d05ed_61,15,1,31.936,93.75,35.28,1125.0,0e29d05ed,0.9992358684539795,0
0e2e4ac19_62,2,1,44.56,468.75,46.33600000000001,3000.0,0e2e4ac19,0.9995841383934021,0
0e799da44_63,18,1,24.6027,3187.5,25.296,5062.5,0e799da44,0.6689037084579468,1
0ea8ea68a_64,0,1,3.8027,5906.25,4.5973,8250.0,0ea8ea68a,0.8939894437789917,0
0eb2079ea_65,3,1,5.5893,1031.25,6.3307,2812.5,0eb2079ea,0.676929771900177,1
0f8cadb4a_66,13,1,34.4907,93.75,35.1147,843.75,0f8cadb4a,0.9744018316268921,1
0f99800b7_67,11,1,27.416999999999998,1808.79,28.5547,5684.77,0f99800b7,0.49367350339889526,1
0fc62dd3c_68,18,1,9.6427,3187.5,10.335999999999999,5062.5,0fc62dd3c,0.0942448228597641,1
100e4ddc9_69,2,1,1.2853,468.75,3.0613,3000.0,100e4ddc9,0.9987450838088989,0
103db6411_70,20,1,22.3573,1312.5,27.7387,6093.75,103db6411,0.9999638795852661,0
10dae79ed_71,18,1,30.191999999999997,3187.5,30.8853,5062.5,10dae79ed,0.6099370121955872,1
119b154cc_72,15,1,3.7813,93.75,7.1253,1125.0,119b154cc,0.9920921921730042,1
11a52d37a_73,18,1,46.0693,3187.5,46.7627,5062.5,11a52d37a,0.9718189239501953,0
11bafff5d_74,23,1,22.6278,7235.16,28.7115,11283.4,11bafff5d,0.9958078861236572,0
11c2c02e5_75,15,1,17.6587,93.75,21.0027,1125.0,11c2c02e5,0.9925199747085571,0
11c2c02e5_76,15,1,14.8427,93.75,18.1867,1125.0,11c2c02e5,0.9693311452865601,0
1263c23c8_77,17,1,38.9013,1312.5,45.3547,3937.5,1263c23c8,0.9945542812347412,0
12a12f0fa_78,8,1,31.504,3750.0,35.6267,5531.25,12a12f0fa,0.9986191987991333,0
12ec1d4cb_79,9,1,24.112,1125.0,26.9173,5250.0,12ec1d4cb,0.9763500094413757,0
133001416_80,3,1,14.88,1031.25,15.6213,2812.5,133001416,0.9783536791801453,0
13511f7bd_81,1,1,8.256,3843.75,9.152000000000001,5625.0,13511f7bd,0.6295467019081116,0
1375a05d1_82,21,1,28.1493,3281.25,29.2427,4125.0,1375a05d1,0.11214757710695267,1
1383208d3_83,10,1,50.4744,947.461,52.9183,10852.7,1383208d3,0.5973122119903564,1
13c678c1d_84,1,1,0.8640000000000001,3843.75,1.76,5625.0,13c678c1d,0.9973717927932739,0
13de5cabb_85,11,1,57.3359,1808.79,58.4737,5684.77,13de5cabb,0.9985613226890564,0
13f64f898_86,1,1,35.4613,3843.75,36.3573,5625.0,13f64f898,0.9993376135826111,0
1414bbe17_87,14,1,14.6453,3750.0,14.9173,6468.75,1414bbe17,0.9992865920066833,0
141675c80_88,1,1,54.6933,3843.75,55.5893,5625.0,141675c80,0.9999383687973022,0
147b41b13_89,7,1,35.4133,4687.5,38.5547,11437.5,147b41b13,0.989021360874176,0
14948ff80_90,13,1,44.5013,93.75,45.1253,843.75,14948ff80,0.9951948523521423,0
14d467153_91,8,1,0.3733,3750.0,4.496,5531.25,14d467153,0.9991568326950073,0
14dc5a39e_92,13,1,50.5067,93.75,51.1307,843.75,14dc5a39e,0.9721823930740356,1
14f6cbe5c_93,3,1,53.6,1031.25,54.3413,2812.5,14f6cbe5c,0.5308302640914917,0
1504619b7_94,18,1,44.512,3187.5,45.2053,5062.5,1504619b7,0.026990484446287155,1
1520a52ef_95,13,1,6.496,93.75,7.12,843.75,1520a52ef,0.9954310655593872,0
1535d0c9b_96,9,1,4.6507,843.75,8.2133,5718.75,1535d0c9b,0.9552553296089172,1
1545e29b3_97,19,1,0.1387,281.25,1.6907,2812.5,1545e29b3,0.996399998664856,0
156b77dfe_98,1,1,37.36,3843.75,38.256,5625.0,156b77dfe,0.19169510900974274,1
157a50231_99,0,1,35.7867,5906.25,36.5813,8250.0,157a50231,0.9967527985572815,0
158c5acb6_100,16,4,18.8427,3093.75,20.6773,4593.75,158c5acb6,0.9974834322929382,0
15d9e6d8b_101,18,1,36.6453,3187.5,37.3387,5062.5,15d9e6d8b,0.9366638660430908,1
160add406_102,23,4,18.6805,6459.96,26.6043,11627.9,160add406,0.571951687335968,0
160add406_103,23,4,3.0534,6459.96,10.9772,11627.9,160add406,0.9851768016815186,0
160b70831_104,2,1,1.9413,468.75,3.7173,3000.0,160b70831,0.9999068975448608,0
163e86660_105,3,1,58.06399999999999,1031.25,58.8053,2812.5,163e86660,0.8117070198059082,0
16553d5cd_106,23,4,28.7405,6459.96,36.6643,11627.9,16553d5cd,0.9940059185028076,0
16553d5cd_107,23,4,41.7088,6459.96,49.6327,11627.9,16553d5cd,0.9967464208602905,0
1679e323d_108,14,1,8.6773,2531.25,9.264,5531.25,1679e323d,0.9913397431373596,0
16ccddf71_109,14,1,51.8773,2812.5,52.8,4406.25,16ccddf71,0.9983365535736084,0
16fc37168_110,1,1,29.36,3843.75,30.256,5625.0,16fc37168,0.9901554584503174,0
16ffcf223_111,14,1,16.9973,2812.5,17.92,4406.25,16ffcf223,0.9998509883880615,0
1702d35a0_112,22,1,28.2453,10687.5,29.8507,13687.5,1702d35a0,0.9999749660491943,0
178b835e3_113,20,1,36.6453,2343.75,40.0853,5718.75,178b835e3,0.13191597163677216,1
178b835e3_114,16,4,21.2267,3093.75,23.0613,4593.75,178b835e3,0.019624138250947,1
178b835e3_115,16,4,4.256,3093.75,6.0907,4593.75,178b835e3,0.17388902604579926,1
1795728ba_116,5,1,39.56800000000001,4781.25,41.92,10406.2,1795728ba,0.9904962778091431,0
17ca62c97_117,4,1,32.9173,2343.75,34.7733,4218.75,17ca62c97,0.998895525932312,0
17ca96791_118,16,4,13.632,3093.75,15.4667,4593.75,17ca96791,0.2526935040950775,1
180ba3012_119,6,1,48.352,562.5,50.496,4406.25,180ba3012,0.9990880489349365,0
184322f0e_120,22,1,54.8,10687.5,56.4053,13687.5,184322f0e,0.49082836508750916,1
1856bb5c2_121,22,1,36.4533,10687.5,38.0587,13687.5,1856bb5c2,0.992749810218811,1
18c47b7f2_122,8,1,32.544000000000004,3750.0,36.6667,5531.25,18c47b7f2,0.999454915523529,0
18df43462_123,5,1,46.8373,4781.25,49.1893,10406.2,18df43462,0.10666687041521072,1
18e249f36_124,7,1,28.8747,4687.5,32.016,11437.5,18e249f36,0.365470826625824,1
19442bf58_125,12,1,1.4933,562.5,4.6293,3281.25,19442bf58,0.9951751232147217,0
195e5ba43_126,19,1,25.184,281.25,26.736,2812.5,195e5ba43,0.9989810585975647,1
19dfeda02_127,6,1,16.0693,562.5,18.2133,4406.25,19dfeda02,0.9999645948410034,0
1a3993962_128,16,4,48.144,3093.75,49.9787,4593.75,1a3993962,0.9999997615814209,0
1a5fb3223_129,7,1,56.7893,4687.5,59.9307,11437.5,1a5fb3223,0.1587255299091339,1
1aa00dc63_130,23,4,41.2328,6459.96,49.1566,11627.9,1aa00dc63,0.9977272152900696,0
1aa00dc63_131,12,1,19.7867,562.5,22.9227,3281.25,1aa00dc63,0.562782347202301,1
1aef4f8ff_132,14,1,47.152,2531.25,47.7387,5531.25,1aef4f8ff,0.9050180912017822,1
1b77382c7_133,14,1,32.1493,3750.0,32.4213,6468.75,1b77382c7,0.9996299743652344,0
1ba9ee79a_134,1,1,5.9467,3843.75,6.8427,5625.0,1ba9ee79a,0.5663837790489197,1
1bc8c196e_135,22,1,4.5973,10687.5,6.2027,13687.5,1bc8c196e,0.9993932247161865,0
1bd29a4bb_136,10,1,42.7886,947.461,45.2325,10852.7,1bd29a4bb,0.996970534324646,0
1c46aa776_137,6,1,30.7307,562.5,32.8747,4406.25,1c46aa776,0.9999396800994873,0
1ca8c8af6_138,12,1,0.6827,562.5,3.8187,3281.25,1ca8c8af6,0.29696789383888245,1
1d6371ff5_139,6,1,40.5493,562.5,42.6933,4406.25,1d6371ff5,0.9984169006347656,0
1d76cb226_140,21,1,49.711999999999996,3281.25,50.8053,4125.0,1d76cb226,0.058359939604997635,1
1d949c49d_141,15,1,33.6427,93.75,36.9867,1125.0,1d949c49d,0.9785189628601074,0
1e05620be_142,12,1,38.4587,562.5,41.5947,3281.25,1e05620be,0.892862856388092,0
1e0e340e1_143,6,1,44.0533,562.5,46.1973,4406.25,1e0e340e1,0.9972836971282959,0
1e469c124_144,15,1,28.1493,93.75,31.4933,1125.0,1e469c124,0.044645246118307114,1
1eb2a9113_145,7,1,28.4693,4687.5,31.6107,11437.5,1eb2a9113,0.26355764269828796,1
1ef3e2282_146,16,4,24.4587,3093.75,26.2933,4593.75,1ef3e2282,0.9986949563026428,0
1f0fe1c7e_147,22,1,30.3733,10687.5,31.9787,13687.5,1f0fe1c7e,0.9992879033088684,0
1f2260885_148,11,1,7.0531,1808.79,8.1908,5684.77,1f2260885,0.9996888637542725,0
1f5dd26db_149,8,1,6.0907,3750.0,10.2133,5531.25,1f5dd26db,0.9935750365257263,0
1fb41e1c4_150,18,1,13.872,3187.5,14.5653,5062.5,1fb41e1c4,0.12263544648885727,1
1fb94ae60_151,2,1,48.2453,468.75,50.0213,3000.0,1fb94ae60,0.9997425675392151,0
1fbc39373_152,16,4,34.3947,3093.75,36.2293,4593.75,1fbc39373,0.9995569586753845,0
1fd650183_153,4,1,35.135999999999996,2343.75,36.992,4218.75,1fd650183,0.997962236404419,0
1ffa43aae_154,13,1,29.7067,93.75,30.3307,843.75,1ffa43aae,0.8569844961166382,1
200656f13_155,23,4,35.1086,6459.96,43.0324,11627.9,200656f13,0.9987347722053528,0
2026bced7_156,12,1,49.8987,562.5,53.0347,3281.25,2026bced7,0.36799320578575134,1
20801bb7d_157,4,1,1.9093,2343.75,3.7653,4218.75,20801bb7d,0.9976630210876465,0
20be88a43_158,6,1,12.9653,562.5,14.9867,3187.5,20be88a43,0.9999454021453857,0
20de9e491_159,15,1,54.464,93.75,57.808,1125.0,20de9e491,0.9994742274284363,0
2105bda77_160,11,1,49.0812,1808.79,50.218999999999994,5684.77,2105bda77,0.9890150427818298,0
215bb7a8d_161,11,1,41.0006,1808.79,42.1384,5684.77,215bb7a8d,0.9420762658119202,1
21c9f1ba3_162,8,1,11.8347,3750.0,15.9573,5531.25,21c9f1ba3,0.9941126704216003,0
21e2f2977_163,15,1,22.384,93.75,25.728,1125.0,21e2f2977,0.9998617172241211,0
21e2f2977_164,15,1,26.3307,93.75,29.6747,1125.0,21e2f2977,0.9978622794151306,0
22050fe3f_165,19,1,56.623999999999995,281.25,58.176,2812.5,22050fe3f,0.9993263483047485,0
226ce47d9_166,23,1,36.9371,7235.16,43.0208,11283.4,226ce47d9,0.9369807839393616,1
22a2faf44_167,13,1,19.232,93.75,19.855999999999998,843.75,22a2faf44,0.018439756706357002,1
22b46c334_168,8,1,12.7787,3750.0,16.9013,5531.25,22b46c334,0.9919439554214478,0
22bfc5978_169,5,1,46.6187,4781.25,48.9707,10406.2,22bfc5978,0.9907213449478149,0
22da462f9_170,1,1,8.816,3843.75,9.712,5625.0,22da462f9,0.044356390833854675,1
22eaad9ca_171,22,1,52.4,10687.5,54.0053,13687.5,22eaad9ca,0.9999697208404541,0
2319eb4b4_172,18,1,25.631999999999998,3187.5,26.3253,5062.5,2319eb4b4,0.9483111500740051,1
2322ec1d3_173,3,1,59.2533,1031.25,59.9947,2812.5,2322ec1d3,0.17051683366298676,1
23363116f_174,23,1,8.3998,7235.16,14.4834,11283.4,23363116f,0.9443190693855286,0
2337c4af2_175,22,1,14.272,10687.5,15.8773,13687.5,2337c4af2,0.9396530389785767,0
2393b59e0_176,23,1,31.4688,7235.16,37.5525,11283.4,2393b59e0,0.9618290066719055,1
23adb9473_177,20,1,51.504,2343.75,54.943999999999996,5718.75,23adb9473,0.7577643394470215,1
247aeccaf_178,9,1,19.7227,843.75,23.2853,5718.75,247aeccaf,0.9812877774238586,0
247d81f2b_179,1,1,29.695999999999998,3843.75,30.592,5625.0,247d81f2b,0.9993460774421692,0
24aac801a_180,1,1,46.4,3843.75,47.29600000000001,5625.0,24aac801a,0.9982984662055969,0
251569711_181,4,1,18.2133,2343.75,20.0693,4218.75,251569711,0.9979128241539001,0
251737ef0_182,0,1,35.9307,5906.25,36.7253,8250.0,251737ef0,0.9955247640609741,0
25218b040_183,8,1,6.2827,3750.0,10.4053,5531.25,25218b040,0.1349911093711853,1
25c229018_184,6,1,6.5013,562.5,8.6453,4406.25,25c229018,0.9999901056289673,0
25de8315e_185,1,1,52.5387,3843.75,53.4347,5625.0,25de8315e,0.8684631586074829,0
266e8b635_186,6,1,42.8427,562.5,44.9867,4406.25,266e8b635,0.9999600648880005,0
2695a2878_187,23,1,45.3486,7235.16,51.4322,11283.4,2695a2878,0.9855595827102661,0
2717a930e_188,8,1,14.175999999999998,3750.0,18.2987,5531.25,2717a930e,0.9976217150688171,0
275a0fc0c_189,15,1,35.4667,93.75,38.8107,1125.0,275a0fc0c,0.973701536655426,1
27b26fe5d_190,19,1,55.104,281.25,56.65600000000001,2812.5,27b26fe5d,0.9945435523986816,0
27c146a88_191,17,4,26.7733,1312.5,29.3067,7406.25,27c146a88,0.36320382356643677,1
27c78408d_192,19,1,14.128,281.25,15.68,2812.5,27c78408d,0.9991682767868042,0
281865590_193,0,1,48.0587,5906.25,48.8533,8250.0,281865590,0.9989616870880127,0
287bf77ec_194,2,1,12.1813,468.75,13.9573,3000.0,287bf77ec,0.9968916773796082,0
287bf77ec_195,2,1,8.832,468.75,10.607999999999999,3000.0,287bf77ec,0.991868257522583,0
288e5d13f_196,3,1,14.3893,1031.25,15.1307,2812.5,288e5d13f,0.6424230933189392,0
28d37d1de_197,22,1,35.8347,10687.5,37.44,13687.5,28d37d1de,0.9983417987823486,0
28fd95f7f_198,11,1,24.8802,1808.79,26.018,5684.77,28fd95f7f,0.9999409914016724,0
29127020a_199,3,1,25.12,1031.25,25.8613,2812.5,29127020a,0.9146931767463684,0
295f49a04_200,10,1,38.0401,947.461,40.484,10852.7,295f49a04,0.9992634654045105,0
29b82a129_201,19,1,48.9333,281.25,50.4853,2812.5,29b82a129,0.9982308745384216,0
2a1bb0557_202,14,1,3.696,3750.0,3.968,6468.75,2a1bb0557,0.9989820122718811,0
2a3c1f921_203,0,1,46.8587,5906.25,47.6533,8250.0,2a3c1f921,0.9996304512023926,0
2a69408f6_204,5,1,41.37600000000001,4781.25,43.728,10406.2,2a69408f6,0.966896653175354,0
2a7ed55d4_205,5,1,7.3013,4781.25,9.6533,10406.2,2a7ed55d4,0.9999868869781494,0
2a94d4b86_206,23,1,24.1488,7235.16,30.2324,11283.4,2a94d4b86,0.9956614375114441,0
2b9c8d234_207,8,1,37.5413,3750.0,41.663999999999994,5531.25,2b9c8d234,0.7449226379394531,1
2bb539997_208,7,1,26.0907,4687.5,29.232,11437.5,2bb539997,0.6882460117340088,0
2bcddf9a5_209,3,1,20.976,1031.25,21.7173,2812.5,2bcddf9a5,0.030232902616262436,1
2bcddf9a5_210,5,1,16.4693,4781.25,18.8213,10406.2,2bcddf9a5,0.9984166622161865,0
2bf32cf03_211,8,1,21.0347,3750.0,25.1573,5531.25,2bf32cf03,0.022306274622678757,1
2c2127b9e_212,5,1,9.808,4781.25,12.16,10406.2,2c2127b9e,0.987467885017395,0
2c6ba715f_213,21,1,43.69600000000001,3281.25,44.7893,4125.0,2c6ba715f,0.917885422706604,0
2c97a8020_214,17,1,44.9547,1312.5,51.408,3937.5,2c97a8020,0.6495405435562134,1
2cd094d21_215,12,1,51.2107,562.5,54.3467,3281.25,2cd094d21,0.6927952170372009,1
2cd09cfab_216,11,1,57.3939,1808.79,58.5317,5684.77,2cd09cfab,0.9992280006408691,0
2ce34e1b6_217,16,4,55.29600000000001,3093.75,57.1307,4593.75,2ce34e1b6,0.9995098114013672,0
2cf89ef6b_218,1,1,24.0,3843.75,24.896,5625.0,2cf89ef6b,0.9952539205551147,0
2d09eb065_219,19,1,45.5627,281.25,47.1147,2812.5,2d09eb065,0.9997244477272034,0
2d09eb065_220,15,1,7.007999999999999,93.75,10.352,1125.0,2d09eb065,0.8528054356575012,1
2d50db2b1_221,11,1,0.8707,1808.79,2.0085,5684.77,2d50db2b1,0.9421829581260681,0
2dacf9479_222,21,1,48.688,3281.25,49.7813,4125.0,2dacf9479,0.9410808086395264,0
2dc763e67_223,2,1,15.7707,468.75,17.5467,3000.0,2dc763e67,0.9951327443122864,0
2dc763e67_224,2,1,26.1493,468.75,27.9253,3000.0,2dc763e67,0.9911336302757263,0
2dc763e67_225,2,1,6.2987,468.75,8.0747,3000.0,2dc763e67,0.9984595775604248,0
2df1f109b_226,13,1,8.0267,93.75,8.6507,843.75,2df1f109b,0.9866310954093933,0
2e40b2294_227,0,1,56.7307,5906.25,58.0213,7500.0,2e40b2294,0.9127534031867981,0
2e6758f3e_228,9,1,51.4507,1125.0,54.256,5250.0,2e6758f3e,0.3782927393913269,1
2e698aba5_229,23,4,4.0229,6459.96,11.9467,11627.9,2e698aba5,0.9926542043685913,0
2e7bc0749_230,22,1,23.9093,10687.5,25.5147,13687.5,2e7bc0749,0.9991645812988281,0
2eb098e76_231,3,1,28.5547,1031.25,29.296,2812.5,2eb098e76,0.008812242187559605,1
2eb098e76_232,2,1,20.8693,468.75,22.6453,3000.0,2eb098e76,0.9999575614929199,0
2eb098e76_233,2,1,24.9653,468.75,26.7413,3000.0,2eb098e76,0.999981164932251,0
2ec1b3167_234,13,1,56.9973,93.75,57.6213,843.75,2ec1b3167,0.9967963099479675,0
2ed5af143_235,4,1,57.792,2343.75,59.648,4218.75,2ed5af143,0.9872109889984131,0
2ef429016_236,4,1,38.7787,2343.75,40.6347,4218.75,2ef429016,0.9986540079116821,0
2f40810b2_237,16,4,45.9573,3093.75,47.792,4593.75,2f40810b2,0.9801437258720398,0
2f594b20f_238,15,1,40.0427,93.75,43.3867,1125.0,2f594b20f,0.999890923500061,0
2fc2eca0c_239,9,1,52.9333,1125.0,55.7387,5250.0,2fc2eca0c,0.39548519253730774,1
2febbdfc5_240,15,1,15.4613,93.75,18.8053,1125.0,2febbdfc5,0.9967344403266907,0
2ffaa6c02_241,15,1,53.3173,93.75,56.6613,1125.0,2ffaa6c02,0.921090304851532,0
304141997_242,1,1,40.0693,3843.75,40.9653,5625.0,304141997,0.9975548386573792,0
304b4b5fd_243,21,1,0.9013,3281.25,1.9947,4125.0,304b4b5fd,0.07391389459371567,1
3051fc9d0_244,15,1,38.0693,93.75,41.4133,1125.0,3051fc9d0,0.49405714869499207,1
305ff00d1_245,14,1,49.856,3750.0,50.128,6468.75,305ff00d1,0.9997543692588806,0
306f98294_246,19,1,10.2933,281.25,11.8453,2812.5,306f98294,0.9996740818023682,0
30cd416ed_247,13,1,46.6773,93.75,47.3013,843.75,30cd416ed,0.9978606104850769,0
31259d9d5_248,0,1,24.496,5906.25,25.7867,7500.0,31259d9d5,0.9336057305335999,1
321c09a90_249,20,1,56.1333,2343.75,59.5733,5718.75,321c09a90,0.9870835542678833,1
32278292a_250,3,1,27.3067,1031.25,28.048000000000002,2812.5,32278292a,0.0763101801276207,1
3296a3827_251,6,1,55.328,562.5,57.3493,3187.5,3296a3827,0.9999963045120239,0
3346f84ee_252,11,1,36.0548,1808.79,37.1926,5684.77,3346f84ee,0.9992651343345642,0
33d0f2685_253,16,4,37.936,3093.75,39.7707,4593.75,33d0f2685,0.9576898813247681,0
33d0f2685_254,16,4,55.983999999999995,3093.75,57.8187,4593.75,33d0f2685,0.953048586845398,1
340c7f964_255,15,1,53.8347,93.75,57.1787,1125.0,340c7f964,0.7673059701919556,1
34340b225_256,23,4,15.865,6459.96,23.7888,11627.9,34340b225,0.9923222661018372,0
34340b225_257,5,1,39.872,4781.25,42.224,10406.2,34340b225,0.8456994891166687,1
3458e20b8_258,10,1,10.4432,947.461,12.8871,10852.7,3458e20b8,0.9962610602378845,0
349095631_259,0,1,28.432,5906.25,29.2267,8250.0,349095631,0.9982694387435913,0
349095631_260,9,1,16.2293,843.75,19.792,5718.75,349095631,0.20263275504112244,1
3508bf762_261,22,1,17.8027,10687.5,19.408,13687.5,3508bf762,0.9985112547874451,0
3513db2b8_262,21,1,23.8827,3281.25,24.976,4125.0,3513db2b8,0.025631478056311607,1
352056163_263,13,1,32.8587,93.75,33.4827,843.75,352056163,0.9998757839202881,0
352bc8d36_264,21,1,2.256,3281.25,3.3493,4125.0,352bc8d36,0.061453722417354584,1
35675af70_265,23,1,53.1389,7235.16,59.2225,11283.4,35675af70,0.9889577031135559,0
356b93991_266,18,1,7.4667,3187.5,8.16,5062.5,356b93991,0.21846002340316772,1
35844fa7f_267,6,1,20.4,562.5,22.544,4406.25,35844fa7f,0.9988069534301758,0
35a7c2277_268,22,1,16.3307,10687.5,17.936,13687.5,35a7c2277,0.9979718327522278,0
35b60a4a0_269,13,1,14.0747,93.75,14.6987,843.75,35b60a4a0,0.9891200065612793,0
35f9c5c38_270,5,1,38.1227,4781.25,40.4747,10406.2,35f9c5c38,0.1843193620443344,1
3647cd276_271,15,1,54.832,93.75,58.176,1125.0,3647cd276,0.9952539205551147,0
364e9b5e7_272,16,4,28.3147,3093.75,30.1493,4593.75,364e9b5e7,0.9797275066375732,0
368be0579_273,3,1,55.232,1031.25,55.9733,2812.5,368be0579,0.2507967948913574,1
3710abba6_274,0,1,49.2373,5906.25,50.528,7500.0,3710abba6,0.9976969361305237,0
373f470c4_275,11,1,5.7469,1808.79,6.8847,5684.77,373f470c4,0.9999797344207764,0
376a0a779_276,18,1,51.8667,3187.5,52.56,5062.5,376a0a779,0.34967049956321716,1
377e04f82_277,11,1,28.1019,1808.79,29.2397,5684.77,377e04f82,0.9846466183662415,0
37b6d1db9_278,23,1,43.3981,7235.16,49.4817,11283.4,37b6d1db9,0.9980022311210632,0
37d16f30f_279,10,1,33.0536,947.461,35.4975,10852.7,37d16f30f,0.9975023865699768,0
3853bba8e_280,9,1,2.112,843.75,5.6747,5718.75,3853bba8e,0.28776252269744873,1
398e818ec_281,11,1,13.3631,1808.79,14.5009,5684.77,398e818ec,0.9998824596405029,0
399e17911_282,4,1,17.6373,2343.75,19.4933,4218.75,399e17911,0.11655902862548828,1
39aa6482e_283,4,1,16.7413,2531.25,18.928,4031.25,39aa6482e,0.9904196858406067,0
39c15e092_284,10,1,47.1307,947.461,49.5746,10852.7,39c15e092,0.9437946081161499,0
3a1293df5_285,2,1,31.0453,468.75,32.8213,3000.0,3a1293df5,0.9999040365219116,0
3a2afcf76_286,18,1,27.232,3187.5,27.9253,5062.5,3a2afcf76,0.9864000082015991,0
3aa730d19_287,5,1,11.5307,4781.25,13.8827,10406.2,3aa730d19,0.9910041093826294,0
3ac6f246a_288,5,1,4.2987,4781.25,6.6507,10406.2,3ac6f246a,0.9942610263824463,0
3b0e345fc_289,9,1,51.8027,843.75,55.3653,5718.75,3b0e345fc,0.9971694350242615,0
3bb222791_290,11,1,1.1552,1808.79,2.293,5684.77,3bb222791,0.9789471626281738,0
3c443fa6e_291,8,1,54.3147,3750.0,58.4373,5531.25,3c443fa6e,0.8870540857315063,1
3c4cf66fd_292,13,1,39.9573,93.75,40.5813,843.75,3c4cf66fd,0.9996408224105835,0
3c621e663_293,17,1,20.5973,1312.5,27.0507,3937.5,3c621e663,0.9956089854240417,0
3c621e663_294,17,1,2.8053,1312.5,9.2587,3937.5,3c621e663,0.9983713030815125,1
3c621e663_295,17,1,49.792,1312.5,56.2453,3937.5,3c621e663,0.8700066208839417,1
3ca3a1b6a_296,21,1,21.3547,3281.25,22.448,4125.0,3ca3a1b6a,0.8428949117660522,1
3d28b6a6b_297,22,1,47.4613,10687.5,49.0667,13687.5,3d28b6a6b,0.9917116165161133,0
3d2b1c860_298,21,1,47.4773,3281.25,48.5707,4125.0,3d2b1c860,0.9981933236122131,0
3dc230571_299,21,1,19.9893,3281.25,21.0827,4125.0,3dc230571,0.17733381688594818,1
3ebc2aebe_300,15,1,27.024,93.75,30.368000000000002,1125.0,3ebc2aebe,0.09759131819009781,1
3f3c49ad2_301,10,1,16.4339,947.461,18.8778,10852.7,3f3c49ad2,0.9994497895240784,0
3f48c15dc_302,10,1,39.0327,947.461,41.4766,10852.7,3f48c15dc,0.9980372786521912,0
3f5f4aa9a_303,12,1,23.584,562.5,26.72,3281.25,3f5f4aa9a,0.5957627892494202,0
3f5fa0d76_304,23,1,46.3644,7235.16,52.4481,11283.4,3f5fa0d76,0.9858261942863464,0
3f88e7718_305,10,1,8.2953,947.461,10.7392,10852.7,3f88e7718,0.9161841869354248,1
3fa666880_306,22,1,55.5733,10687.5,57.1787,13687.5,3fa666880,0.9997192025184631,0
3fcca1372_307,17,1,38.576,1312.5,45.0293,3937.5,3fcca1372,0.9957037568092346,0
3ffaeaa6c_308,15,1,48.2453,93.75,51.5893,1125.0,3ffaeaa6c,0.3122517764568329,1
400b7210c_309,17,1,44.4,1312.5,50.8533,3937.5,400b7210c,0.6221215128898621,1
400b7210c_310,17,1,48.448,1312.5,54.9013,3937.5,400b7210c,0.08430136740207672,1
400b7210c_311,19,1,46.623999999999995,281.25,48.176,2812.5,400b7210c,0.9997636675834656,1
400b7210c_312,17,1,35.904,1312.5,42.3573,3937.5,400b7210c,0.9999161958694458,0
408314767_313,20,1,49.3653,1312.5,54.7467,6093.75,408314767,0.9996950626373291,0
408fcd1dc_314,23,4,48.0537,6459.96,55.9775,11627.9,408fcd1dc,0.9999849796295166,0
415cf2484_315,7,1,56.816,4687.5,59.9573,11437.5,415cf2484,0.4825417399406433,0
41829d963_316,2,1,4.2933,468.75,6.0693,3000.0,41829d963,0.7307127714157104,1
41829d963_317,2,1,0.6559999999999999,468.75,2.432,3000.0,41829d963,0.7701705694198608,1
419259ac2_318,13,1,54.496,93.75,55.12,843.75,419259ac2,0.9971708655357361,0
41e6d9f63_319,16,4,0.9067,3093.75,2.7413,4593.75,41e6d9f63,0.9998694658279419,0
420aeb3ea_320,11,1,57.7306,1808.79,58.8684,5684.77,420aeb3ea,0.9985305070877075,0
422de4e4d_321,21,1,42.3413,3281.25,43.4347,4125.0,422de4e4d,0.9981302618980408,0
426c11508_322,5,1,22.112,4781.25,24.464000000000002,10406.2,426c11508,0.9967555403709412,0
42a7c4f08_323,14,1,30.5493,2812.5,31.471999999999998,4406.25,42a7c4f08,0.8945470452308655,0
42ea7a091_324,18,1,34.9653,3187.5,35.6587,5062.5,42ea7a091,0.0411347933113575,1
42f4b8b64_325,14,1,3.1839999999999997,2812.5,4.1067,4406.25,42f4b8b64,0.9837796092033386,0
4373930a5_326,13,1,45.583999999999996,93.75,46.208,843.75,4373930a5,0.2281668782234192,1
438c12dbc_327,7,1,19.5467,4687.5,22.688000000000002,11437.5,438c12dbc,0.9754490256309509,0
43b27b5ab_328,18,1,23.4987,3187.5,24.191999999999997,5062.5,43b27b5ab,0.14663875102996826,1
43d34d63c_329,15,1,42.5707,93.75,45.9147,1125.0,43d34d63c,0.8475579023361206,1
43d34d63c_330,2,1,9.9627,468.75,11.7387,3000.0,43d34d63c,0.9983029365539551,0
441707582_331,16,4,19.567999999999998,3093.75,21.4027,4593.75,441707582,0.9253332018852234,0
447409a6b_332,0,1,25.872,5906.25,26.6667,8250.0,447409a6b,0.9994088411331177,0
4482bd512_333,12,1,29.5947,562.5,32.7307,3281.25,4482bd512,0.9872413873672485,1
44c8b5c73_334,12,1,0.7040000000000001,562.5,3.84,3281.25,44c8b5c73,0.9998786449432373,0
459513f88_335,8,1,51.9413,3750.0,56.06399999999999,5531.25,459513f88,0.46681320667266846,1
45c356538_336,0,1,50.111999999999995,5906.25,50.9067,8250.0,45c356538,0.9982763528823853,0
45e58e08b_337,14,1,37.9307,2812.5,38.8533,4406.25,45e58e08b,0.9989804625511169,0
45eabd218_338,23,1,23.4464,7235.16,29.53,11283.4,45eabd218,0.9994694590568542,0
4621de448_339,23,1,21.1244,7235.16,27.208000000000002,11283.4,4621de448,0.9991512298583984,0
4696db75c_340,11,1,49.2495,1808.79,50.3873,5684.77,4696db75c,0.9826276898384094,0
46c7db806_341,14,1,49.472,2812.5,50.3947,4406.25,46c7db806,0.9991474151611328,0
471bb3a84_342,12,1,28.0373,562.5,31.1733,3281.25,471bb3a84,0.9994004964828491,0
471df4911_343,11,1,46.8695,1808.79,48.0073,5684.77,471df4911,0.9995017051696777,0
473cac467_344,11,1,9.0268,1808.79,10.1645,5684.77,473cac467,0.957833468914032,0
477119234_345,6,1,20.9387,562.5,22.96,3187.5,477119234,0.8418891429901123,0
477e497db_346,4,1,49.728,2343.75,51.583999999999996,4218.75,477e497db,0.9896628260612488,1
47f2eb3b8_347,14,1,8.5707,2812.5,9.4933,4406.25,47f2eb3b8,0.9989067316055298,0
4874059ad_348,21,1,58.1013,3281.25,59.1947,4125.0,4874059ad,0.7458998560905457,1
489ecb611_349,3,1,33.8187,1031.25,34.56,2812.5,489ecb611,0.9175193905830383,0
48a77f450_350,22,1,52.3573,10687.5,53.9627,13687.5,48a77f450,0.9998308420181274,0
48b7f6cde_351,1,1,12.3147,3843.75,13.2107,5625.0,48b7f6cde,0.995173990726471,0
48ceeeb96_352,23,4,28.7231,6459.96,36.6469,11627.9,48ceeeb96,0.9995517134666443,0
48fb5143f_353,20,1,24.4107,2343.75,27.8507,5718.75,48fb5143f,0.9968196153640747,0
48fb5143f_354,20,1,28.64,2343.75,32.08,5718.75,48fb5143f,0.9993320107460022,1
49b80ec61_355,16,4,24.2667,3093.75,26.1013,4593.75,49b80ec61,0.9995796084403992,0
49fbbb4ca_356,5,1,17.3387,4781.25,19.6907,10406.2,49fbbb4ca,0.9983323216438293,0
4a0ca83ec_357,9,1,20.831999999999997,1125.0,23.6373,5250.0,4a0ca83ec,0.9683472514152527,0
4a7fe1b31_358,17,1,49.456,1312.5,55.9093,3937.5,4a7fe1b31,0.9986096620559692,0
4afa51495_359,10,1,49.4991,947.461,51.94300000000001,10852.7,4afa51495,0.9881717562675476,0
4b3e0b984_360,0,1,0.8747,5906.25,2.1653,7500.0,4b3e0b984,0.9961135387420654,0
4b406a1bc_361,4,1,10.7627,2343.75,12.6187,4218.75,4b406a1bc,0.9995241165161133,0
4b4c2901c_362,20,1,46.5493,1312.5,51.9307,6093.75,4b4c2901c,0.9998432397842407,0
4b7da2fb5_363,7,1,11.36,4687.5,14.5013,11437.5,4b7da2fb5,0.9781866669654846,0
4bb31c8c1_364,6,1,45.2213,562.5,47.3653,4406.25,4bb31c8c1,0.9999250173568726,0
4bb6b8a81_365,18,1,36.4053,3187.5,37.0987,5062.5,4bb6b8a81,0.022528965026140213,1
4bc00de61_366,23,1,23.1097,7235.16,29.1933,11283.4,4bc00de61,0.9950062036514282,0
4c010ec47_367,5,1,35.2053,4781.25,37.5573,10406.2,4c010ec47,0.9593630433082581,0
4c840ed89_368,7,1,32.848,4687.5,35.9893,11437.5,4c840ed89,0.9995632767677307,0
4c845907b_369,12,1,40.368,562.5,43.504,3281.25,4c845907b,0.9953213334083557,0
4d54e38a8_370,12,1,45.9893,562.5,49.1253,3281.25,4d54e38a8,0.9984384179115295,0
4df50c66e_371,17,1,4.4853,1312.5,10.9387,3937.5,4df50c66e,0.848944902420044,0
4e2898673_372,1,1,10.3893,3843.75,11.2853,5625.0,4e2898673,0.963879406452179,0
4e464ff6b_373,6,1,48.6613,562.5,50.8053,4406.25,4e464ff6b,0.9996891021728516,0
4e4bc17a7_374,7,1,2.3947,4687.5,5.5360000000000005,11437.5,4e4bc17a7,0.28622937202453613,1
4e5702ed7_375,16,4,21.824,3093.75,23.6587,4593.75,4e5702ed7,0.9995933175086975,0
4e90ab2fb_376,4,1,53.0027,2343.75,54.8587,4218.75,4e90ab2fb,0.9996919631958008,0
4e91c87cc_377,0,1,39.0773,5906.25,39.872,8250.0,4e91c87cc,0.05203070864081383,1
4ef096b89_378,23,4,12.4981,6459.96,20.4219,11627.9,4ef096b89,0.9848471283912659,0
4f600e6f7_379,11,1,40.8613,1808.79,41.9991,5684.77,4f600e6f7,0.1108751967549324,1
4f6e4f097_380,10,1,20.4161,947.461,22.86,10852.7,4f6e4f097,0.9772835373878479,1
4fae9a4ea_381,13,1,28.7147,93.75,29.3387,843.75,4fae9a4ea,0.9870437979698181,0
4fb946872_382,6,1,4.016,562.5,6.16,4406.25,4fb946872,0.9999455213546753,0
50b93a173_383,19,1,20.8853,281.25,22.4373,2812.5,50b93a173,0.9999818801879883,0
50f616a04_384,0,1,45.0453,5906.25,45.84,8250.0,50f616a04,0.9974619150161743,0
512c1ac7e_385,0,1,8.8907,5906.25,9.6853,8250.0,512c1ac7e,0.9969834685325623,0
51319c540_386,10,1,5.0213,947.461,7.4652,10852.7,51319c540,0.9982824325561523,0
515861db9_387,12,1,37.7707,562.5,40.9067,3281.25,515861db9,0.9992833733558655,0
51cb253b0_388,7,1,45.9627,4687.5,49.104,11437.5,51cb253b0,0.21672596037387848,1
51f69a454_389,23,1,4.3886,7235.16,10.4722,11283.4,51f69a454,0.8910958766937256,0
5280a7fe9_390,3,1,46.48,1031.25,47.2213,2812.5,5280a7fe9,0.536580502986908,0
5281fc845_391,16,4,7.6213,3093.75,9.456,4593.75,5281fc845,0.9996366500854492,0
52cec3943_392,13,1,54.0267,93.75,57.8987,1406.25,52cec3943,0.9999626874923706,0
533ae3f85_393,18,1,31.9573,3187.5,32.6507,5062.5,533ae3f85,0.9964128136634827,0
534b6a4a0_394,3,1,8.8747,1031.25,9.616,2812.5,534b6a4a0,0.030620481818914413,1
534db172e_395,19,1,36.4427,281.25,37.9947,2812.5,534db172e,0.9999337196350098,0
534db172e_396,19,1,34.1013,281.25,35.6533,2812.5,534db172e,0.9996805191040039,0
53e4f09ab_397,8,1,19.8507,3750.0,23.9733,5531.25,53e4f09ab,0.9973046779632568,0
5407d8c89_398,8,1,23.9307,3750.0,28.0533,5531.25,5407d8c89,0.9848862290382385,1
541550e6c_399,3,1,30.416,1031.25,31.1573,2812.5,541550e6c,0.11092303693294525,0
54399c91c_400,18,1,53.776,3187.5,54.4693,5062.5,54399c91c,0.9932841062545776,0
5493f3b1a_401,22,1,12.1813,10687.5,13.7867,13687.5,5493f3b1a,0.9987758994102478,0
551385b05_402,23,4,44.4372,6459.96,52.361000000000004,11627.9,551385b05,0.999805748462677,0
551385b05_403,11,1,33.9534,1808.79,35.0912,5684.77,551385b05,0.04436219111084938,1
55228e5c5_404,16,4,24.544,3093.75,26.3787,4593.75,55228e5c5,0.9999226331710815,0
55648ef63_405,14,1,53.8773,2812.5,54.8,4406.25,55648ef63,0.998420238494873,0
556cb3c93_406,21,1,53.2373,3281.25,54.3307,4125.0,556cb3c93,0.8219375014305115,1
557506b62_407,7,1,39.2213,4687.5,42.3627,11437.5,557506b62,0.6625894904136658,1
55b2b19d1_408,23,4,48.5355,6459.96,56.4593,11627.9,55b2b19d1,0.9815800786018372,0
55b2b19d1_409,23,4,32.8156,6459.96,40.7394,11627.9,55b2b19d1,0.9973989725112915,0
55dca9c85_410,23,1,9.8975,7235.16,15.9811,11283.4,55dca9c85,0.9978860020637512,0
55e48150a_411,11,1,32.119,1808.79,33.2568,5684.77,55e48150a,0.9999592304229736,0
5609ef334_412,19,1,52.01600000000001,281.25,53.56800000000001,2812.5,5609ef334,0.9998458623886108,0
560ccf19c_413,0,1,15.392000000000001,5906.25,16.1867,8250.0,560ccf19c,0.012081759050488472,1
561ed4362_414,14,1,0.08,2531.25,0.6667,5531.25,561ed4362,0.6215638518333435,1
561ed4362_415,7,1,0.3307,4687.5,3.472,11437.5,561ed4362,0.2800479531288147,1
5635d4cbe_416,21,1,24.112,3281.25,25.2053,4125.0,5635d4cbe,0.5104078054428101,1
5673135ca_417,23,4,17.1131,6459.96,25.0369,11627.9,5673135ca,0.9834349751472473,0
568f644e1_418,7,1,23.9467,4687.5,27.088,11437.5,568f644e1,0.9922173023223877,0
56d22a5b3_419,18,1,15.0347,3187.5,15.728,5062.5,56d22a5b3,0.9998719692230225,0
56e311030_420,8,1,4.7413,3750.0,8.863999999999997,5531.25,56e311030,0.9923075437545776,0
56ff074df_421,1,1,2.7093,3843.75,3.6053,5625.0,56ff074df,0.010959385894238949,1
5723a520c_422,12,1,10.1973,562.5,13.3333,3281.25,5723a520c,0.9347562193870544,1
579bcf9e0_423,11,1,20.1839,1808.79,21.3217,5684.77,579bcf9e0,0.9830796718597412,0
579db058c_424,0,1,36.2293,5906.25,37.52,7500.0,579db058c,0.1688334047794342,1
57b4ff4be_425,7,1,27.424,4687.5,30.5653,11437.5,57b4ff4be,0.9739904999732971,1
57de62a79_426,23,1,13.1251,7235.16,19.2087,11283.4,57de62a79,0.9960522651672363,0
57ff372f3_427,0,1,33.5467,5906.25,34.3413,8250.0,57ff372f3,0.9987459182739258,0
5816c1336_428,16,4,4.864,3093.75,6.6987,4593.75,5816c1336,0.9975103139877319,0
581d07559_429,3,1,9.4293,1031.25,10.1707,2812.5,581d07559,0.06218082457780838,1
582d6efec_430,8,1,47.3333,3750.0,51.456,5531.25,582d6efec,0.9973008036613464,0
5840c2d77_431,7,1,44.623999999999995,4687.5,47.7653,11437.5,5840c2d77,0.09235954284667969,1
5857d6f6d_432,1,1,17.2907,3843.75,18.1867,5625.0,5857d6f6d,0.9828776121139526,0
5877cea08_433,3,1,53.0773,1031.25,53.8187,2812.5,5877cea08,0.015484591014683247,1
58b6b8a47_434,21,1,53.312,3281.25,54.4053,4125.0,58b6b8a47,0.9996211528778076,0
58b92fcdc_435,5,1,15.824000000000002,4781.25,18.176,10406.2,58b92fcdc,0.8964067101478577,1
590163609_436,5,1,0.0267,4781.25,2.3787,10406.2,590163609,0.6895907521247864,1
596463649_437,9,1,2.384,843.75,5.9467,5718.75,596463649,0.9957659244537354,1
5977f6b4c_438,1,1,16.3467,3843.75,17.2427,5625.0,5977f6b4c,0.9999194145202637,0
599b19a33_439,15,1,53.8773,93.75,57.2213,1125.0,599b19a33,0.9986044764518738,0
59a9eb657_440,23,4,43.4445,6459.96,51.3683,11627.9,59a9eb657,0.8083204627037048,1
59a9eb657_441,23,4,48.4484,6459.96,56.3722,11627.9,59a9eb657,0.9943817257881165,0
59ce91d00_442,16,4,0.8640000000000001,3093.75,2.6987,4593.75,59ce91d00,0.9999823570251465,0
59e549ee2_443,5,1,49.632,4781.25,51.983999999999995,10406.2,59e549ee2,0.9977025389671326,0
5a2185b19_444,20,1,6.4853,2343.75,9.9253,5718.75,5a2185b19,0.5195782780647278,0
5a3f09a5c_445,10,1,44.2166,947.461,46.6605,10852.7,5a3f09a5c,0.998766303062439,0
5a55970ad_446,17,1,19.9787,1312.5,26.432,3937.5,5a55970ad,0.9864314198493958,0
5a7cc4e44_447,17,4,49.9147,1406.25,52.5227,3937.5,5a7cc4e44,0.9989901185035706,0
5a8a2b155_448,18,1,33.8347,3187.5,34.528,5062.5,5a8a2b155,0.9827463626861572,0
5ac6b1e85_449,6,1,50.0053,562.5,52.1493,4406.25,5ac6b1e85,0.999303936958313,0
5b1e3b55b_450,17,1,6.7627,1312.5,13.216,3937.5,5b1e3b55b,0.9817419648170471,0
5b1e3b55b_451,17,1,2.8,1312.5,9.2533,3937.5,5b1e3b55b,0.9736521244049072,0
5b219bb1c_452,12,1,0.56,562.5,3.696,3281.25,5b219bb1c,0.9761252999305725,0
5b5218aba_453,11,1,50.7066,1808.79,51.8444,5684.77,5b5218aba,0.950419008731842,0
5b54af5a2_454,3,1,20.4213,1031.25,21.1627,2812.5,5b54af5a2,0.06592238694429398,1
5b8830884_455,8,1,32.0213,3750.0,36.144,5531.25,5b8830884,0.9961830973625183,0
5bf1ac192_456,23,1,28.8566,7235.16,34.9402,11283.4,5bf1ac192,0.9435853958129883,0
5bfe1dec6_457,17,1,22.351999999999997,1312.5,28.8053,3937.5,5bfe1dec6,0.9632421135902405,1
5bfe1dec6_458,17,1,37.5733,1312.5,44.0267,3937.5,5bfe1dec6,0.9795102477073669,0
5bfe1dec6_459,17,1,32.0747,1312.5,38.528,3937.5,5bfe1dec6,0.9874894022941589,1
5c1ae8b6f_460,0,1,55.9147,5906.25,56.7093,8250.0,5c1ae8b6f,0.9684898853302002,0
5c57d8095_461,15,1,21.5787,93.75,24.9227,1125.0,5c57d8095,0.9997072815895081,0
5c609dbfb_462,18,1,19.9947,3187.5,20.688000000000002,5062.5,5c609dbfb,0.9717438817024231,0
5cd1a3c29_463,12,1,42.7787,562.5,45.9147,3281.25,5cd1a3c29,0.9998170733451843,0
5d606b7a3_464,9,1,10.2933,843.75,13.856,5718.75,5d606b7a3,0.8325729370117188,1
5d61b5cce_465,8,1,45.2267,3750.0,49.3493,5531.25,5d61b5cce,0.9968236684799194,0
5d7e9091c_466,9,1,7.4453,843.75,11.008,5718.75,5d7e9091c,0.9967688322067261,0
5db2e86fe_467,7,1,20.6773,4687.5,23.8187,11437.5,5db2e86fe,0.054257605224847794,1
5db2e86fe_468,15,1,18.6293,93.75,21.9733,1125.0,5db2e86fe,0.9676419496536255,0
5debe8941_469,19,1,46.4533,281.25,48.0053,2812.5,5debe8941,0.9966549873352051,0
5e7e1643e_470,16,4,3.2427,3093.75,5.0773,4593.75,5e7e1643e,0.9999990463256836,0
5e8c07a8e_471,22,1,21.8667,10687.5,23.471999999999998,13687.5,5e8c07a8e,0.9987232089042664,0
5e8e5d53b_472,8,1,22.768,3750.0,26.8907,5531.25,5e8e5d53b,0.9672835469245911,0
5f51598f1_473,17,1,25.9467,1312.5,32.4,3937.5,5f51598f1,0.9935512542724609,0
5f8eecc9e_474,23,4,51.0084,6459.96,58.9322,11627.9,5f8eecc9e,0.04843001440167427,1
5f8eecc9e_475,9,1,54.943999999999996,1125.0,57.7493,5250.0,5f8eecc9e,0.9865636825561523,0
5f8eecc9e_476,9,1,48.5547,1125.0,51.36,5250.0,5f8eecc9e,0.196431964635849,1
5f8eecc9e_477,23,4,7.9412,6459.96,15.865,11627.9,5f8eecc9e,0.9281420111656189,1
5f9157d7b_478,0,1,58.9333,5906.25,59.728,8250.0,5f9157d7b,0.3901757299900055,1
5f9b4785b_479,1,1,47.9947,3843.75,48.8907,5625.0,5f9b4785b,0.05428113788366318,1
5f9b4785b_480,15,1,16.1333,93.75,19.4773,1125.0,5f9b4785b,0.8500107526779175,0
604583528_481,23,4,51.9314,6459.96,59.8552,11627.9,604583528,0.9837020635604858,0
606f1e495_482,5,1,12.6613,4781.25,15.0133,10406.2,606f1e495,0.09294883906841278,1
6093f0100_483,15,1,2.2453,93.75,5.5893,1125.0,6093f0100,0.987170398235321,0
60a493ad4_484,6,1,40.688,562.5,42.832,4406.25,60a493ad4,0.9967392086982727,0
60b260508_485,21,1,53.6053,3281.25,54.6987,4125.0,60b260508,0.997141420841217,0
60b260508_486,8,1,49.7493,3750.0,53.872,5531.25,60b260508,0.7241485714912415,1
6102fb9d6_487,3,1,12.752,1031.25,13.4933,2812.5,6102fb9d6,0.10891445726156235,1
61741251f_488,10,1,16.7996,947.461,19.2435,10852.7,61741251f,0.994132936000824,0
617d4dbbd_489,12,1,0.672,562.5,3.8080000000000003,3281.25,617d4dbbd,0.9984251260757446,0
619a7af56_490,15,1,49.7813,93.75,53.1253,1125.0,619a7af56,0.9975994229316711,0
61d1f5e59_491,23,4,48.2046,6459.96,56.1284,11627.9,61d1f5e59,0.9923702478408813,0
61de2c695_492,0,1,12.6987,5906.25,13.4933,8250.0,61de2c695,0.936001181602478,0
61f1c7d5f_493,3,1,47.6427,1031.25,48.38399999999999,2812.5,61f1c7d5f,0.15160754323005676,0
621dc03b6_494,3,1,17.7333,1031.25,18.4747,2812.5,621dc03b6,0.10354017466306686,1
629489592_495,12,1,2.7893,562.5,5.9253,3281.25,629489592,0.9996228218078613,0
62ff9d03d_496,17,4,15.312000000000001,1406.25,17.92,3937.5,62ff9d03d,0.9999387264251709,0
631f97222_497,11,1,15.1278,1808.79,16.2656,5684.77,631f97222,0.6200274229049683,1
6346c01fa_498,18,1,15.0507,3187.5,15.744000000000002,5062.5,6346c01fa,0.9924894571304321,1
6351581d6_499,3,1,53.5733,1031.25,54.3147,2812.5,6351581d6,0.8657673597335815,0
63971df42_500,6,1,9.5787,562.5,11.7227,4406.25,63971df42,0.9999994039535522,0
63a82d848_501,1,1,39.4827,3843.75,40.3787,5625.0,63a82d848,0.999881386756897,0
63cc4d598_502,13,1,38.8107,93.75,39.4347,843.75,63cc4d598,0.563803493976593,1
64025c7e6_503,18,1,16.5707,3187.5,17.264,5062.5,64025c7e6,0.999884843826294,0
644f71ae8_504,14,1,15.5787,2531.25,16.1653,5531.25,644f71ae8,0.9998548030853271,0
65123f0c1_505,23,1,3.3901,7235.16,9.4737,11283.4,65123f0c1,0.999466598033905,0
655ca0adb_506,17,1,47.1307,1312.5,53.583999999999996,3937.5,655ca0adb,0.7689041495323181,0
65971c0e7_507,16,4,10.016,3093.75,11.8507,4593.75,65971c0e7,0.054459381848573685,1
6666e213d_508,4,1,1.296,2531.25,3.4827,4031.25,6666e213d,0.9672132730484009,0
670a35128_509,20,1,43.8613,2343.75,47.3013,5718.75,670a35128,0.9996565580368042,0
67763b1b9_510,18,1,18.6933,3187.5,19.3867,5062.5,67763b1b9,0.9474357962608337,0
682657006_511,13,1,15.3173,93.75,15.9413,843.75,682657006,0.9901485443115234,0
6838dc4f9_512,10,1,33.4832,947.461,35.9271,10852.7,6838dc4f9,0.11973249167203903,1
687733bf1_513,3,1,11.9307,1031.25,12.672,2812.5,687733bf1,0.05364230275154114,1
689b160fc_514,13,1,29.3707,93.75,29.9947,843.75,689b160fc,0.9982559084892273,0
68d182a12_515,21,1,4.8107,3281.25,5.904,4125.0,68d182a12,0.11876927316188812,1
68f7d8362_516,22,1,38.384,10687.5,39.9893,13687.5,68f7d8362,0.9993646740913391,0
690168015_517,6,1,38.8053,562.5,40.9493,4406.25,690168015,0.997822642326355,1
69173294f_518,22,1,40.3467,10687.5,41.952,13687.5,69173294f,0.9853023290634155,0
697f7210b_519,8,1,2.9653,3750.0,7.087999999999999,5531.25,697f7210b,0.6626459360122681,1
69aacafc4_520,20,1,39.824,2343.75,43.263999999999996,5718.75,69aacafc4,0.9999948740005493,0
69aacafc4_521,20,1,43.0347,2343.75,46.4747,5718.75,69aacafc4,0.9999737739562988,0
69c09e886_522,4,1,12.527999999999999,2343.75,14.384,4218.75,69c09e886,0.9931280612945557,0
69ea6d76b_523,19,1,30.9333,281.25,32.4853,2812.5,69ea6d76b,0.9995418787002563,0
6a0ac2d09_524,23,1,15.1568,7235.16,21.2405,11283.4,6a0ac2d09,0.9999638795852661,0
6a2b677ce_525,4,1,41.5467,2531.25,43.7333,4031.25,6a2b677ce,0.9998037219047546,0
6a6af3c63_526,2,1,40.304,468.75,42.08,3000.0,6a6af3c63,0.9999008178710938,0
6b0891684_527,0,1,26.2293,5906.25,27.024,8250.0,6b0891684,0.9971234202384949,0
6b1093628_528,13,1,37.728,93.75,38.352,843.75,6b1093628,0.997350811958313,0
6b891f8f2_529,7,1,8.6507,4687.5,11.792,11437.5,6b891f8f2,0.3382425308227539,0
6b9e3f7c6_530,21,1,7.6373,3281.25,8.7307,4125.0,6b9e3f7c6,0.06894872337579727,1
6bf2953a8_531,20,1,33.296,2343.75,36.736,5718.75,6bf2953a8,0.999484658241272,0
6bf2953a8_532,20,1,19.4613,2343.75,22.9013,5718.75,6bf2953a8,0.999853253364563,0
6c032e356_533,23,1,51.6586,7235.16,57.7422,11283.4,6c032e356,0.9944819211959839,0
6c246167d_534,19,1,3.12,281.25,4.672,2812.5,6c246167d,0.9993854761123657,0
6c4ce1cf2_535,3,1,11.4773,1031.25,12.2187,2812.5,6c4ce1cf2,0.20771679282188416,1
6c52da176_536,7,1,18.16,4687.5,21.3013,11437.5,6c52da176,0.9682762622833252,0
6c660a505_537,19,1,51.7707,281.25,53.3227,2812.5,6c660a505,0.9987660646438599,1
6d5f5e052_538,19,1,36.9013,281.25,38.4533,2812.5,6d5f5e052,0.9800328612327576,0
6d6ba3db7_539,22,1,42.9547,10687.5,44.56,13687.5,6d6ba3db7,0.9994792342185974,0
6d93f853d_540,3,1,47.488,1031.25,48.2293,2812.5,6d93f853d,0.05298641696572304,1
6d93f853d_541,17,1,10.1173,1312.5,16.5707,3937.5,6d93f853d,0.9423322677612305,0
6e82ee19a_542,10,1,27.0803,947.461,29.5242,10852.7,6e82ee19a,0.9994311928749084,0
6eb03e9ca_543,7,1,9.7973,4687.5,12.9387,11437.5,6eb03e9ca,0.050213009119033813,1
6f7eec323_544,17,4,9.6907,1406.25,12.2987,3937.5,6f7eec323,0.9858236312866211,0
706e6f1e8_545,12,1,53.0187,562.5,56.1547,3281.25,706e6f1e8,0.7511841058731079,1
7080d05d4_546,23,1,50.4047,7235.16,56.4883,11283.4,7080d05d4,0.999882698059082,0
70c289aa5_547,20,1,31.1307,2343.75,34.5707,5718.75,70c289aa5,0.7715630531311035,1
710177a21_548,15,1,50.2133,93.75,53.5573,1125.0,710177a21,0.7981855869293213,1
710537df8_549,16,4,32.7093,3093.75,34.544000000000004,4593.75,710537df8,0.999627947807312,0
711630bd8_550,18,1,8.896,3187.5,9.5893,5062.5,711630bd8,0.9990598559379578,0
717780789_551,6,1,37.808,562.5,39.952,4406.25,717780789,0.9999703168869019,0
71c22a29b_552,8,1,55.8133,3750.0,59.93600000000001,5531.25,71c22a29b,0.9320825934410095,1
71cf9646b_553,19,1,28.2347,281.25,29.7867,2812.5,71cf9646b,0.9963358640670776,1
71cf9646b_554,15,1,11.8293,93.75,15.1733,1125.0,71cf9646b,0.9385098814964294,1
71db64300_555,23,1,19.3074,7235.16,25.391,11283.4,71db64300,0.9970479607582092,0
71e134a57_556,1,1,36.7947,3843.75,37.6907,5625.0,71e134a57,0.9993289709091187,0
7227068d3_557,7,1,32.2293,4687.5,35.3707,11437.5,7227068d3,0.8101273775100708,1
725c5b6f1_558,8,1,53.2587,3750.0,57.3813,5531.25,725c5b6f1,0.9894238114356995,0
7277aa5a8_559,17,4,55.5307,1406.25,58.1387,3937.5,7277aa5a8,0.9999828338623047,0
728459067_560,10,1,18.7559,947.461,21.1998,10852.7,728459067,0.010693822987377644,1
728459067_561,10,1,4.2144,947.461,6.6583,10852.7,728459067,0.013209681957960129,1
7295291a7_562,1,1,5.3173,3843.75,6.2133,5625.0,7295291a7,0.9991375207901001,0
72a9f19b4_563,16,4,10.3413,3093.75,12.175999999999998,4593.75,72a9f19b4,0.9997890591621399,0
72ccf4de7_564,20,1,36.9813,2343.75,40.4213,5718.75,72ccf4de7,0.8899530172348022,1
7341161bd_565,17,4,13.1425,1464.26,16.9215,4565.04,7341161bd,0.9995806813240051,0
737d85472_566,23,4,29.3152,6459.96,37.239000000000004,11627.9,737d85472,0.964201033115387,0
738e4dcb5_567,9,1,53.2747,843.75,56.8373,5718.75,738e4dcb5,0.9999597072601318,0
73c4d8db8_568,17,4,52.0243,1464.26,55.8034,4565.04,73c4d8db8,0.9923519492149353,0
73f2ff0fd_569,3,1,30.8907,1031.25,31.631999999999998,2812.5,73f2ff0fd,0.39016830921173096,1
7403b8dde_570,4,1,5.1413,2343.75,6.9973,4218.75,7403b8dde,0.9973058700561523,0
7448edc55_571,1,1,20.16,3843.75,21.055999999999997,5625.0,7448edc55,0.02744762971997261,1
745171bf2_572,6,1,4.1547,562.5,6.2987,4406.25,745171bf2,0.9995217323303223,0
7476d961f_573,16,4,18.48,3093.75,20.3147,4593.75,7476d961f,0.9999997615814209,0
7478fd629_574,18,1,37.936,3187.5,38.6293,5062.5,7478fd629,0.9999086856842041,0
74a117970_575,20,1,7.4987,1312.5,12.88,6093.75,74a117970,0.9999904632568359,0
74c1043c9_576,14,1,56.0107,2531.25,56.5973,5531.25,74c1043c9,0.9963627457618713,0
74fbde29b_577,18,1,51.8827,3187.5,52.576,5062.5,74fbde29b,0.07756473869085312,1
750e35881_578,4,1,51.056000000000004,2343.75,52.912,4218.75,750e35881,0.9898040294647217,0
755d6c7eb_579,17,4,14.4427,1406.25,17.0507,3937.5,755d6c7eb,0.9993832111358643,0
7583b7c0c_580,17,4,23.8005,1464.26,27.5795,4565.04,7583b7c0c,0.2167421579360962,1
75c8ccce9_581,14,1,12.592,2531.25,13.1787,5531.25,75c8ccce9,0.042470160871744156,1
76b4b3f7f_582,9,1,55.44,843.75,59.0027,5718.75,76b4b3f7f,0.9996021389961243,0
76bcc78f1_583,21,1,1.376,3281.25,2.4693,4125.0,76bcc78f1,0.9910323023796082,0
77299bde7_584,8,1,5.7227,3750.0,9.8453,5531.25,77299bde7,0.9900631308555603,0
77299bde7_585,21,1,42.3787,3281.25,43.472,4125.0,77299bde7,0.9491252303123474,1
772bd1045_586,13,1,52.8587,93.75,53.4827,843.75,772bd1045,0.983308732509613,0
774912d66_587,23,4,29.7215,6459.96,37.6454,11627.9,774912d66,0.9935913681983948,0
774912d66_588,23,4,16.9157,6459.96,24.8395,11627.9,774912d66,0.9943283200263977,0
774d13e9c_589,9,1,39.04,843.75,42.6027,5718.75,774d13e9c,0.9727979302406311,1
7764cbbfd_590,10,1,5.7121,947.461,8.156,10852.7,7764cbbfd,0.998860239982605,0
7765e82d3_591,13,1,58.3147,93.75,58.9387,843.75,7765e82d3,0.9999803304672241,0
7768c96f2_592,1,1,10.016,3843.75,10.912,5625.0,7768c96f2,0.9933446645736694,1
778ab401f_593,21,1,11.5573,3281.25,12.6507,4125.0,778ab401f,0.9857827425003052,0
77a7a66fc_594,10,1,42.1616,947.461,44.6055,10852.7,77a7a66fc,0.9938750863075256,1
77cf1b7e3_595,21,1,1.376,3281.25,2.4693,4125.0,77cf1b7e3,0.9103798866271973,1
77e82339a_596,7,1,46.9013,4687.5,50.0427,11437.5,77e82339a,0.9022893905639648,0
77f2b9543_597,6,1,49.88800000000001,562.5,52.032,4406.25,77f2b9543,0.9999659061431885,0
784eb5d7f_598,21,1,55.8987,3281.25,56.992,4125.0,784eb5d7f,0.8424814343452454,0
7859fda05_599,23,4,51.5251,6459.96,59.4489,11627.9,7859fda05,0.02032916247844696,1
7878d8306_600,17,1,48.7253,1312.5,55.1787,3937.5,7878d8306,0.11174909770488739,1
787c0db92_601,4,1,39.5733,2531.25,41.76,4031.25,787c0db92,0.9964165687561035,0
7893b8f70_602,0,1,3.7013,5906.25,4.496,8250.0,7893b8f70,0.8176909685134888,0
78941c48b_603,17,1,52.88,1312.5,59.3333,3937.5,78941c48b,0.999721109867096,0
78f515b6f_604,7,1,32.1067,4687.5,35.24800000000001,11437.5,78f515b6f,0.20191533863544464,1
7925510fe_605,4,1,34.7307,2531.25,36.9173,4031.25,7925510fe,0.9645932912826538,0
796ab9da1_606,15,1,39.312,93.75,42.65600000000001,1125.0,796ab9da1,0.9991357922554016,0
79b28cad5_607,4,1,57.7013,2343.75,59.5573,4218.75,79b28cad5,0.993626594543457,0
79f38de91_608,23,1,21.0721,7235.16,27.1557,11283.4,79f38de91,0.9980143308639526,0
79f7b3873_609,15,1,3.0453,93.75,6.3893,1125.0,79f7b3873,0.9977735877037048,0
7a396818c_610,21,1,48.72,3281.25,49.8133,4125.0,7a396818c,0.998505711555481,0
7a49b2465_611,12,1,35.0933,562.5,38.2293,3281.25,7a49b2465,0.9999715089797974,0
7a5789516_612,5,1,9.8667,4781.25,12.2187,10406.2,7a5789516,0.998809814453125,0
7a9d46229_613,22,1,15.5093,10687.5,17.1147,13687.5,7a9d46229,0.9994102716445923,0
7a9d46229_614,5,1,52.7627,4781.25,55.1147,10406.2,7a9d46229,0.8359101414680481,0
7ab084435_615,10,1,15.8186,947.461,18.2625,10852.7,7ab084435,0.9982984662055969,0
7ad715d6d_616,19,1,41.552,281.25,43.104,2812.5,7ad715d6d,0.9999368190765381,0
7ada8c4da_617,3,1,16.4267,1031.25,17.168,2812.5,7ada8c4da,0.2118563950061798,1
7b287d190_618,20,1,44.8107,1312.5,50.192,6093.75,7b287d190,0.999474823474884,0
7b4ee85a5_619,1,1,37.4613,3843.75,38.3573,5625.0,7b4ee85a5,0.9823635816574097,0
7b79194b3_620,5,1,9.6,4781.25,11.952,10406.2,7b79194b3,0.08261319249868393,1
7c858b1f2_621,20,1,33.3707,1312.5,38.751999999999995,6093.75,7c858b1f2,0.9789515137672424,0
7caaeb706_622,17,4,47.008,1406.25,49.61600000000001,3937.5,7caaeb706,0.999531626701355,0
7cc6d509a_623,19,1,30.3947,281.25,31.9467,2812.5,7cc6d509a,0.9997777342796326,0
7cd8ce712_624,20,1,24.7733,2343.75,28.2133,5718.75,7cd8ce712,0.03380116820335388,1
7dec0f472_625,10,1,52.4365,947.461,54.8804,10852.7,7dec0f472,0.9975771307945251,0
7e0d06929_626,10,1,37.5409,947.461,39.9848,10852.7,7e0d06929,0.9994637370109558,0
7e370f1f3_627,14,1,46.06399999999999,2531.25,46.6507,5531.25,7e370f1f3,0.4627179503440857,0
7ed4d3ca1_628,14,1,17.952,3750.0,18.224,6468.75,7ed4d3ca1,0.9718666672706604,1
7f07486d1_629,23,1,32.4963,7235.16,38.58,11283.4,7f07486d1,0.9944167137145996,0
7f082c82d_630,8,1,29.36,3750.0,33.4827,5531.25,7f082c82d,0.9887597560882568,0
7f5f71e31_631,6,1,22.5013,562.5,24.5227,3187.5,7f5f71e31,0.9999938011169434,0
7f6df469c_632,4,1,44.288000000000004,2531.25,46.4747,4031.25,7f6df469c,0.06162417307496071,1
7f737a9c4_633,13,1,43.0507,93.75,43.6747,843.75,7f737a9c4,0.9978610873222351,0
7f8fab554_634,4,1,14.24,2343.75,16.096,4218.75,7f8fab554,0.9998980760574341,0
7f9246130_635,4,1,0.5173,2343.75,2.3733,4218.75,7f9246130,0.9980124235153198,0
7f9b94a29_636,1,1,6.8427,3843.75,7.7387,5625.0,7f9b94a29,0.9987826943397522,0
802907092_637,23,4,45.3486,6459.96,53.2724,11627.9,802907092,0.3422866463661194,1
804fa03e1_638,15,1,53.7013,93.75,57.0453,1125.0,804fa03e1,0.9982483386993408,0
80590e499_639,21,1,7.4933,3281.25,8.5867,4125.0,80590e499,0.9777568578720093,1
807efd6bb_640,3,1,52.4427,1031.25,53.184,2812.5,807efd6bb,0.7487480044364929,0
8080b2283_641,13,1,52.1867,93.75,52.8107,843.75,8080b2283,0.9549322128295898,1
80c09eb56_642,8,1,35.3333,3750.0,39.455999999999996,5531.25,80c09eb56,0.9958269000053406,1
818a1635a_643,21,1,13.9253,3281.25,15.0187,4125.0,818a1635a,0.5718401670455933,1
819afd877_644,4,1,36.32,2343.75,38.176,4218.75,819afd877,0.999809205532074,0
81b493ca3_645,4,1,2.656,2343.75,4.512,4218.75,81b493ca3,0.998847484588623,0
81bcdeb06_646,20,1,36.8907,1312.5,42.272,6093.75,81bcdeb06,0.9998865127563477,0
8253e1640_647,11,1,41.0819,1808.79,42.2197,5684.77,8253e1640,0.9997983574867249,0
82a813386_648,21,1,2.1333,3281.25,3.2267,4125.0,82a813386,0.9132238626480103,1
82d59d24d_649,22,1,29.568,10687.5,31.1733,13687.5,82d59d24d,0.9995741248130798,0
82ff46226_650,23,4,15.9695,6459.96,23.8933,11627.9,82ff46226,0.9977551102638245,0
83028db30_651,11,1,27.7595,1808.79,28.8972,5684.77,83028db30,0.02114816941320896,1
838227e71_652,7,1,11.152000000000001,4687.5,14.2933,11437.5,838227e71,0.2715500295162201,1
84aed0cf9_653,6,1,57.7013,562.5,59.8453,4406.25,84aed0cf9,0.9988694787025452,0
84d2746ce_654,9,1,56.1813,1125.0,58.9867,5250.0,84d2746ce,0.18481899797916412,1
84fd342f8_655,12,1,13.0133,562.5,16.1493,3281.25,84fd342f8,0.9991040825843811,0
851c98ea8_656,18,1,52.8587,3187.5,53.552,5062.5,851c98ea8,0.5141202211380005,1
8531f27ff_657,7,1,54.912,4687.5,58.0533,11437.5,8531f27ff,0.8965444564819336,0
8574d9e81_658,14,1,27.872,2812.5,28.7947,4406.25,8574d9e81,0.9994315505027771,0
8593f9606_659,14,1,30.384,2531.25,30.9707,5531.25,8593f9606,0.9998456239700317,0
85b891a48_660,7,1,9.6533,4687.5,12.7947,11437.5,85b891a48,0.9875152111053467,0
85fd75b28_661,12,1,9.8453,562.5,12.9813,3281.25,85fd75b28,0.6183090209960938,1
868db1d19_662,23,4,21.0721,6459.96,28.9959,11627.9,868db1d19,0.983014702796936,0
86c44dd51_663,0,1,30.5653,5906.25,31.36,8250.0,86c44dd51,0.9987435936927795,1
871aff1b5_664,5,1,32.0053,4781.25,34.3573,10406.2,871aff1b5,0.9691680669784546,1
87b2981de_665,18,1,11.168,3187.5,11.8613,5062.5,87b2981de,0.12210381031036377,1
87b64a134_666,19,1,34.048,281.25,35.6,2812.5,87b64a134,0.9968518614768982,0
87bf9c992_667,19,1,46.3307,281.25,47.8827,2812.5,87bf9c992,0.9996440410614014,0
87db70dff_668,10,1,39.4507,947.461,41.8946,10852.7,87db70dff,0.9969505071640015,0
87e518677_669,7,1,41.4933,4687.5,44.6347,11437.5,87e518677,0.08266877382993698,1
880652c2a_670,23,4,0.2728,6459.96,8.1966,11627.9,880652c2a,0.9857860207557678,0
88186ba66_671,14,1,18.4373,2531.25,19.024,5531.25,88186ba66,0.9110651016235352,0
88b5c9c1b_672,5,1,39.7493,4781.25,42.1013,10406.2,88b5c9c1b,0.9988628625869751,0
88f783ab9_673,6,1,8.0747,562.5,10.2187,4406.25,88f783ab9,0.9985833168029785,0
890abb1e3_674,23,1,34.9751,7235.16,41.0587,11283.4,890abb1e3,0.9995724558830261,0
891822ace_675,9,1,51.728,843.75,55.2907,5718.75,891822ace,0.9999455213546753,0
896080a53_676,12,1,1.7280000000000002,562.5,4.864,3281.25,896080a53,0.9991720914840698,0
89898c3c9_677,8,1,38.9547,3750.0,43.0773,5531.25,89898c3c9,0.9979544878005981,0
89fe494b6_678,22,1,20.6187,10687.5,22.224,13687.5,89fe494b6,0.9992350339889526,0
8a0ee2e2c_679,8,1,4.7627,3750.0,8.8853,5531.25,8a0ee2e2c,0.5203927159309387,1
8a59b5c31_680,5,1,30.1973,4781.25,32.5493,10406.2,8a59b5c31,0.06849242746829987,1
8a63ca713_681,4,1,51.808,2531.25,53.9947,4031.25,8a63ca713,0.02054920792579651,1
8a99905ac_682,3,1,43.152,1031.25,43.8933,2812.5,8a99905ac,0.25195926427841187,1
8ad1a246f_683,13,1,27.1307,93.75,27.7547,843.75,8ad1a246f,0.9145186543464661,0
8b237e9eb_684,3,1,20.0747,1031.25,20.816,2812.5,8b237e9eb,0.8231181502342224,1
8b24f2f98_685,18,1,0.20800000000000002,3187.5,0.9013,5062.5,8b24f2f98,0.6675148010253906,1
8b68b817e_686,13,1,17.328,93.75,17.952,843.75,8b68b817e,0.9971816539764404,0
8c20115ce_687,15,1,17.7547,93.75,21.0987,1125.0,8c20115ce,0.9990251064300537,0
8c44ed2cf_688,10,1,56.6915,947.461,59.1354,10852.7,8c44ed2cf,0.9815467596054077,0
8dddf58e0_689,14,1,10.352,2812.5,11.2747,4406.25,8dddf58e0,0.9996638298034668,0
8e0f816f1_690,4,1,42.848,2343.75,44.70399999999999,4218.75,8e0f816f1,0.9996213912963867,0
8e2ff1226_691,2,1,2.144,468.75,3.92,3000.0,8e2ff1226,0.9994113445281982,0
8e56d782f_692,16,4,47.104,3093.75,48.9387,4593.75,8e56d782f,0.995225191116333,0
8eb0e591c_693,10,1,42.4635,947.461,44.9074,10852.7,8eb0e591c,0.9953597187995911,0
8ec8b0275_694,11,1,1.2829,1808.79,2.4207,5684.77,8ec8b0275,0.9998993873596191,0
8ee219910_695,6,1,42.56,562.5,44.70399999999999,4406.25,8ee219910,0.9999986886978149,0
8ef1d1114_696,15,1,55.4293,93.75,58.7733,1125.0,8ef1d1114,0.9994078874588013,0
8f0f2528a_697,21,1,7.392,3281.25,8.4853,4125.0,8f0f2528a,0.41259896755218506,1
8f3d579c8_698,17,1,4.496,1312.5,10.9493,3937.5,8f3d579c8,0.9988304972648621,0
8f821e1ef_699,13,1,17.7547,93.75,18.3787,843.75,8f821e1ef,0.9921557903289795,0
8f8e4f3e2_700,22,1,12.1173,10687.5,13.7227,13687.5,8f8e4f3e2,0.9925656318664551,0
8f942c9f5_701,6,1,20.2773,562.5,22.4213,4406.25,8f942c9f5,0.9999984502792358,0
8fa859d45_702,9,1,15.9093,843.75,19.472,5718.75,8fa859d45,0.9359608292579651,1
8ffe19a69_703,8,1,55.2267,3750.0,59.3493,5531.25,8ffe19a69,0.9498118162155151,0
908290ae2_704,21,1,11.6533,3281.25,12.7467,4125.0,908290ae2,0.9923861026763916,1
90a1eac6d_705,21,1,11.488,3281.25,12.5813,4125.0,90a1eac6d,0.9601279497146606,0
916eb2a00_706,22,1,0.6507,10687.5,2.256,13687.5,916eb2a00,0.9787684082984924,0
918ddce17_707,7,1,21.664,4687.5,24.8053,11437.5,918ddce17,0.5011597871780396,1
9251fdbdd_708,16,4,7.0187,3093.75,8.8533,4593.75,9251fdbdd,0.9984331727027893,0
9251fdbdd_709,16,4,38.592,3093.75,40.4267,4593.75,9251fdbdd,0.9988024234771729,0
92588122c_710,17,4,2.7947,1406.25,5.4027,3937.5,92588122c,0.9988034963607788,0
929d655d3_711,3,1,52.56,1031.25,53.3013,2812.5,929d655d3,0.7559477686882019,1
92ae9bcc2_712,10,1,24.9905,947.461,27.4344,10852.7,92ae9bcc2,0.9992918968200684,0
9316428b4_713,6,1,15.8507,562.5,17.872,3187.5,9316428b4,0.9999992847442627,0
935e4c9b0_714,12,1,49.8667,562.5,53.0027,3281.25,935e4c9b0,0.9992949962615967,0
9367e95cc_715,15,1,25.3227,93.75,28.6667,1125.0,9367e95cc,0.9916343688964844,0
9369b4be6_716,9,1,29.9413,843.75,33.504,5718.75,9369b4be6,0.9940540194511414,1
93e10b125_717,1,1,18.224,3843.75,19.12,5625.0,93e10b125,0.9998437166213989,0
9425c4b01_718,12,1,51.3493,562.5,54.4853,3281.25,9425c4b01,0.9989047050476074,0
942ca05c0_719,16,4,46.0213,3093.75,47.856,4593.75,942ca05c0,0.9567010402679443,1
942ca05c0_720,16,4,0.46399999999999997,3093.75,2.2987,4593.75,942ca05c0,0.9985263347625732,0
944edda33_721,2,1,43.7867,468.75,45.5627,3000.0,944edda33,0.980061948299408,1
945c8d7a8_722,5,1,56.3947,4781.25,58.7467,10406.2,945c8d7a8,0.9977820515632629,0
946390b26_723,10,1,13.7172,947.461,16.1611,10852.7,946390b26,0.9224424958229065,0
9496d86bf_724,0,1,40.5813,5906.25,41.872,7500.0,9496d86bf,0.9981014132499695,0
956aaf47c_725,23,1,23.1503,7235.16,29.2339,11283.4,956aaf47c,0.9918334484100342,0
958db1ebe_726,19,1,28.0213,281.25,29.5733,2812.5,958db1ebe,0.08714286983013153,1
960572cd4_727,7,1,5.9413,4687.5,9.0827,11437.5,960572cd4,0.7899081110954285,1
96fc32e3d_728,23,4,37.6976,6459.96,45.6214,11627.9,96fc32e3d,0.9999583959579468,0
97630c03d_729,0,1,11.8667,5906.25,13.1573,7500.0,97630c03d,0.9812639951705933,0
983a13114_730,20,1,37.856,2343.75,41.29600000000001,5718.75,983a13114,0.558792233467102,1
986405edb_731,8,1,36.6453,3750.0,40.768,5531.25,986405edb,0.9981346130371094,0
988e03248_732,10,1,37.2854,947.461,39.7293,10852.7,988e03248,0.2933308780193329,1
989b95591_733,18,1,55.4827,3187.5,56.176,5062.5,989b95591,0.7757781744003296,1
996546525_734,23,1,45.9639,7235.16,52.0475,11283.4,996546525,0.9957333207130432,0
99f72cf18_735,11,1,35.5614,1808.79,36.6991,5684.77,99f72cf18,0.9937416911125183,0
9a76cab9c_736,17,1,17.8293,1312.5,24.2827,3937.5,9a76cab9c,0.9999114274978638,0
9a76cab9c_737,17,1,1.7387,1312.5,8.192,3937.5,9a76cab9c,0.999886155128479,0
9a76cab9c_738,17,1,13.7813,1312.5,20.2347,3937.5,9a76cab9c,0.9999681711196899,0
9a9951303_739,17,4,23.28,1406.25,25.888,3937.5,9a9951303,0.9999849796295166,0
9abdbfc9f_740,12,1,18.6187,562.5,21.7547,3281.25,9abdbfc9f,0.9998317956924438,0
9afa17810_741,7,1,0.528,4687.5,3.6693,11437.5,9afa17810,0.39332446455955505,1
9b92a698e_742,9,1,42.0693,843.75,45.632,5718.75,9b92a698e,0.96503084897995,0
9bdc79a14_743,5,1,30.4907,4781.25,32.8427,10406.2,9bdc79a14,0.8974728584289551,1
9c2286d0c_744,18,1,40.4267,3187.5,41.12,5062.5,9c2286d0c,0.9995219707489014,0
9c8947073_745,0,1,25.7653,5906.25,27.055999999999997,7500.0,9c8947073,0.023829953745007515,1
9c9aa37f5_746,6,1,3.9733,562.5,6.1173,4406.25,9c9aa37f5,0.9999988079071045,0
9ca91d4bc_747,13,1,36.1813,93.75,36.8053,843.75,9ca91d4bc,0.2415376603603363,1
9cb1f4a34_748,17,4,27.3653,1406.25,29.9733,3937.5,9cb1f4a34,0.9998699426651001,0
9cb6ae5e3_749,0,1,39.7173,5906.25,40.512,8250.0,9cb6ae5e3,0.9978099465370178,0
9cccd9345_750,2,1,54.1973,468.75,55.9733,3000.0,9cccd9345,0.9991450309753418,0
9d1eee84d_751,4,1,28.768,2343.75,30.624000000000002,4218.75,9d1eee84d,0.04861690104007721,1
9d293be93_752,12,1,52.7627,562.5,55.8987,3281.25,9d293be93,0.9993560910224915,0
9d2bf51ce_753,21,1,54.4907,3281.25,55.583999999999996,4125.0,9d2bf51ce,0.4725356101989746,0
9d6de44f0_754,7,1,1.1787,4687.5,4.32,11437.5,9d6de44f0,0.9135855436325073,1
9dad9aacc_755,23,1,21.5423,7235.16,27.6259,11283.4,9dad9aacc,0.9811181426048279,0
9df5da644_756,16,4,47.1253,3093.75,48.96,4593.75,9df5da644,0.9995962977409363,0
9e242fe66_757,16,4,30.96,3093.75,32.7947,4593.75,9e242fe66,0.9961639642715454,0
9e52cf6ad_758,21,1,29.5573,3281.25,30.6507,4125.0,9e52cf6ad,0.17221350967884064,1
9e5d5b03e_759,17,4,39.6853,1406.25,42.2933,3937.5,9e5d5b03e,0.5979748964309692,1
9ec0c64c0_760,6,1,54.48,562.5,56.5013,3187.5,9ec0c64c0,0.9999594688415527,0
9f10784cd_761,8,1,20.496,3750.0,24.6187,5531.25,9f10784cd,0.995943009853363,0
9f8ebbfc3_762,15,1,23.776,93.75,27.12,1125.0,9f8ebbfc3,0.6747442483901978,1
9f8fcb625_763,23,1,52.7673,7235.16,58.851000000000006,11283.4,9f8fcb625,0.9754323363304138,0
9fbd7e1f6_764,13,1,51.9467,93.75,52.5707,843.75,9fbd7e1f6,0.897377610206604,0
a00373b12_765,13,1,11.9627,93.75,12.5867,843.75,a00373b12,0.9293540716171265,1
a0af97b46_766,7,1,21.2853,4687.5,24.4267,11437.5,a0af97b46,0.0834103599190712,1
a0c662123_767,0,1,6.6347,5906.25,7.4293,8250.0,a0c662123,0.8425281643867493,1
a1048dac6_768,15,1,15.6533,93.75,18.9973,1125.0,a1048dac6,0.9986093044281006,0
a17b9af5d_769,4,1,9.7387,2343.75,11.5947,4218.75,a17b9af5d,0.9999712705612183,0
a1b1a5e31_770,3,1,5.6,1031.25,6.3413,2812.5,a1b1a5e31,0.6294483542442322,0
a1d96c821_771,18,1,50.32,3187.5,51.0133,5062.5,a1d96c821,0.12817838788032532,1
a1ef2a84f_772,21,1,47.7013,3281.25,48.7947,4125.0,a1ef2a84f,0.40660351514816284,0
a2045d15d_773,22,1,49.1093,10687.5,50.7147,13687.5,a2045d15d,0.9928898811340332,0
a212bf2e0_774,13,1,5.167999999999998,93.75,5.7920000000000025,843.75,a212bf2e0,0.7679834365844727,1
a2441a74b_775,17,4,22.9547,1312.5,25.488000000000003,7406.25,a2441a74b,0.8503304123878479,0
a2441a74b_776,17,4,10.0213,1312.5,12.5547,7406.25,a2441a74b,0.9141414165496826,0
a277651b1_777,4,1,41.4293,2343.75,43.2853,4218.75,a277651b1,0.2928614914417267,1
a2a211fa8_778,19,1,17.7653,281.25,19.3173,2812.5,a2a211fa8,0.999503493309021,0
a2b073406_779,23,4,40.7684,6459.96,48.6922,11627.9,a2b073406,0.9998910427093506,0
a3194950c_780,5,1,8.7947,4781.25,11.1467,10406.2,a3194950c,0.9663642644882202,0
a38cadf2c_781,10,1,7.7613,947.461,10.2052,10852.7,a38cadf2c,0.9996781349182129,0
a3d1e4f37_782,16,4,14.0107,3093.75,15.8453,4593.75,a3d1e4f37,0.9952496290206909,0
a4035e64b_783,14,1,7.104,3750.0,7.376,6468.75,a4035e64b,0.9891575574874878,1
a461f82cd_784,5,1,26.6133,4781.25,28.9653,10406.2,a461f82cd,0.993435263633728,0
a4b2f4298_785,8,1,43.536,3750.0,47.6587,5531.25,a4b2f4298,0.14535722136497498,1
a5034a8b3_786,4,1,39.5733,2531.25,41.76,4031.25,a5034a8b3,0.9989392161369324,0
a54894b33_787,0,1,23.424,5906.25,24.2187,8250.0,a54894b33,0.9952074885368347,0
a5b66a68d_788,0,1,13.5093,5906.25,14.304,8250.0,a5b66a68d,0.969490110874176,0
a5ceef07b_789,4,1,7.984,2343.75,9.84,4218.75,a5ceef07b,0.9229018092155457,1
a5eface9a_790,1,1,37.7973,3843.75,38.6933,5625.0,a5eface9a,0.9920998215675354,0
a5f008080_791,6,1,18.3307,562.5,20.4747,4406.25,a5f008080,0.99978107213974,0
a64b357d4_792,20,1,50.7413,2343.75,54.1813,5718.75,a64b357d4,0.9917417764663696,0
a6610076b_793,20,1,35.0933,1312.5,40.4747,6093.75,a6610076b,0.9997928738594055,0
a66546dfd_794,19,1,38.0373,281.25,39.5893,2812.5,a66546dfd,0.999637246131897,0
a66d44311_795,6,1,41.8987,562.5,44.0427,4406.25,a66d44311,0.9997977614402771,0
a691e3d90_796,9,1,39.952,843.75,43.5147,5718.75,a691e3d90,0.8053081035614014,1
a6b4dda07_797,21,1,1.7867,3281.25,2.88,4125.0,a6b4dda07,0.9262285232543945,1
a6c887130_798,18,1,11.3547,3187.5,12.048,5062.5,a6c887130,0.999767005443573,0
a79847d38_799,13,1,50.464,93.75,51.088,843.75,a79847d38,0.9993997812271118,0
a7ff51ac4_800,22,1,32.1173,10687.5,33.7227,13687.5,a7ff51ac4,0.9965872764587402,0
a82f931d1_801,9,1,8.6667,1125.0,11.472000000000001,5250.0,a82f931d1,0.9855101108551025,0
a8e6d4d75_802,21,1,35.7707,3281.25,36.864000000000004,4125.0,a8e6d4d75,0.9891698956489563,0
a90c80393_803,18,1,26.2773,3187.5,26.9707,5062.5,a90c80393,0.3821844458580017,1
a92850ccd_804,2,1,53.744,468.75,55.52,3000.0,a92850ccd,0.48643428087234497,1
a9637eb5b_805,23,1,41.378,7235.16,47.4616,11283.4,a9637eb5b,0.9615606665611267,0
a9868c3d1_806,21,1,7.0293,3281.25,8.1227,4125.0,a9868c3d1,0.0775405764579773,1
a993402e2_807,23,4,40.5014,6459.96,48.4252,11627.9,a993402e2,0.9984663724899292,0
a993402e2_808,23,4,31.9507,6459.96,39.8745,11627.9,a993402e2,0.9669896364212036,0
aa7d3cfe0_809,10,1,6.2752,947.461,8.7191,10852.7,aa7d3cfe0,0.999467670917511,0
aacebff62_810,9,1,25.8933,843.75,29.456,5718.75,aacebff62,0.9190118908882141,1
ab383c341_811,1,1,50.9067,3843.75,51.8027,5625.0,ab383c341,0.9997705817222595,0
ab5e71344_812,19,1,31.4827,281.25,33.0347,2812.5,ab5e71344,0.9966925382614136,0
ab900ff48_813,6,1,40.32,562.5,42.464,4406.25,ab900ff48,0.9994609951972961,0
abbef468c_814,4,1,30.4853,2343.75,32.3413,4218.75,abbef468c,0.017416207119822502,1
abd8cff8d_815,19,1,33.1467,281.25,34.6987,2812.5,abd8cff8d,0.9987319111824036,0
abed3437e_816,0,1,16.544,5906.25,17.3387,8250.0,abed3437e,0.9952085614204407,1
ac3da0b30_817,18,1,16.4213,3187.5,17.1147,5062.5,ac3da0b30,0.014477334916591644,1
ac7721796_818,6,1,55.5733,562.5,57.5947,3187.5,ac7721796,0.999778687953949,0
acb80ff69_819,16,4,48.65600000000001,3093.75,50.4907,4593.75,acb80ff69,0.9993906021118164,0
acc030d72_820,20,1,22.544,1312.5,27.9253,6093.75,acc030d72,0.9999963045120239,0
acff61b19_821,15,1,24.0213,93.75,27.3653,1125.0,acff61b19,0.9956827163696289,0
addfd4f67_822,4,1,9.456,2343.75,11.312000000000001,4218.75,addfd4f67,0.998786985874176,0
ae210f726_823,3,1,44.1333,1031.25,44.8747,2812.5,ae210f726,0.4934677183628082,0
ae4a3b1e2_824,12,1,41.424,562.5,44.56,3281.25,ae4a3b1e2,0.9951025247573853,0
ae4ed2b70_825,22,1,17.4827,10687.5,19.088,13687.5,ae4ed2b70,0.9858700037002563,0
ae521f781_826,7,1,39.88800000000001,4687.5,43.0293,11437.5,ae521f781,0.7937265038490295,0
aebf55c7c_827,22,1,13.2053,10687.5,14.8107,13687.5,aebf55c7c,0.9964190721511841,0
aecf3d8d2_828,17,4,48.032,1406.25,50.64,3937.5,aecf3d8d2,0.9983678460121155,0
aedfcfe60_829,3,1,11.1627,1031.25,11.904000000000002,2812.5,aedfcfe60,0.6413179039955139,1
aef347a03_830,22,1,1.4347,10687.5,3.04,13687.5,aef347a03,0.9987782835960388,0
aefd0f061_831,3,1,11.2373,1031.25,11.9787,2812.5,aefd0f061,0.018649769946932793,1
af0113159_832,14,1,36.1547,2812.5,37.0773,4406.25,af0113159,0.9961936473846436,0
af15de055_833,4,1,54.3467,2531.25,56.5333,4031.25,af15de055,0.9958361387252808,0
af1d7ef13_834,21,1,50.8533,3281.25,51.9467,4125.0,af1d7ef13,0.9984050393104553,0
af22ae5ba_835,13,1,23.0027,93.75,23.6267,843.75,af22ae5ba,0.9840379953384399,0
af36838f2_836,6,1,44.9387,562.5,47.0827,4406.25,af36838f2,0.9988974332809448,0
af6a0d203_837,17,4,55.0507,1406.25,57.6587,3937.5,af6a0d203,0.9994148015975952,0
afa49cbeb_838,9,1,1.6213,843.75,5.184,5718.75,afa49cbeb,0.016965806484222412,1
afaa8d38f_839,19,1,52.0053,281.25,53.5573,2812.5,afaa8d38f,0.9997416138648987,1
b01abd3b2_840,9,1,32.9173,843.75,36.48,5718.75,b01abd3b2,0.24537664651870728,0
b056e5bc2_841,6,1,4.688,562.5,6.8320000000000025,4406.25,b056e5bc2,0.9999301433563232,0
b056e5bc2_842,6,1,2.9333,562.5,4.9547,3187.5,b056e5bc2,0.9999279975891113,0
b12e80061_843,2,1,18.848,468.75,20.624000000000002,3000.0,b12e80061,0.2727796733379364,1
b1c09c89b_844,14,1,30.9493,3750.0,31.2213,6468.75,b1c09c89b,0.9994195699691772,0
b1c97f28a_845,5,1,34.032,4781.25,36.384,10406.2,b1c97f28a,0.9980406165122986,0
b1d18170a_846,14,1,59.0987,3750.0,59.3707,6468.75,b1d18170a,0.9992669224739075,0
b2338ed38_847,0,1,36.1013,5906.25,36.896,8250.0,b2338ed38,0.1089746281504631,1
b297fe7ef_848,7,1,51.1893,4687.5,54.3307,11437.5,b297fe7ef,0.2381828874349594,1
b2ea74670_849,4,1,9.616,2343.75,11.472000000000001,4218.75,b2ea74670,0.9988905787467957,0
b2f3a6df5_850,23,1,13.0322,7235.16,19.1158,11283.4,b2f3a6df5,0.9935217499732971,0
b3f517843_851,22,1,39.0027,10687.5,40.608000000000004,13687.5,b3f517843,0.9988100528717041,0
b4110d8aa_852,1,1,30.336,3843.75,31.232,5625.0,b4110d8aa,0.9917499423027039,0
b41ae319b_853,6,1,4.5013,562.5,6.6453,4406.25,b41ae319b,0.9975475668907166,0
b441cf212_854,23,4,51.9546,6459.96,59.8785,11627.9,b441cf212,0.9833298325538635,0
b45319264_855,12,1,25.28,562.5,28.416,3281.25,b45319264,0.9951428174972534,0
b4a3fb69c_856,17,4,54.992,1406.25,57.6,3937.5,b4a3fb69c,0.9891798496246338,0
b4df5aef8_857,8,1,17.3067,3750.0,21.4293,5531.25,b4df5aef8,0.2101244181394577,1
b55d2f7b4_858,7,1,48.2133,4687.5,51.3547,11437.5,b55d2f7b4,0.23154953122138977,1
b55d2f7b4_859,23,1,48.3265,7235.16,54.4102,11283.4,b55d2f7b4,0.6476179957389832,0
b62292f65_860,21,1,34.9067,3281.25,36.0,4125.0,b62292f65,0.397086501121521,1
b62b5a988_861,2,1,50.096000000000004,468.75,51.872,3000.0,b62b5a988,0.9999678134918213,0
b62b5a988_862,2,1,36.8053,468.75,38.5813,3000.0,b62b5a988,0.9999810457229614,0
b65e327ee_863,11,1,22.146,1808.79,23.2838,5684.77,b65e327ee,0.37548258900642395,0
b661bd840_864,1,1,37.312,3843.75,38.208,5625.0,b661bd840,0.9241389632225037,0
b6671af88_865,11,1,6.6525,1808.79,7.7903,5684.77,b6671af88,0.9999511241912842,0
b68e70116_866,7,1,45.1093,4687.5,48.2507,11437.5,b68e70116,0.4156106114387512,1
b6b2bb1cd_867,6,1,0.1173,562.5,2.2613,4406.25,b6b2bb1cd,0.9999998807907104,0
b6ddaa9b4_868,4,1,11.84,2343.75,13.696,4218.75,b6ddaa9b4,0.9988697171211243,1
b7485fa88_869,6,1,25.9787,562.5,28.1227,4406.25,b7485fa88,0.9794318079948425,1
b7485fa88_870,11,1,54.2302,1808.79,55.368,5684.77,b7485fa88,0.9999963045120239,0
b7a71d152_871,13,1,57.4773,93.75,58.1013,843.75,b7a71d152,0.9999914169311523,0
b7c63f218_872,13,1,6.0533,93.75,6.6773,843.75,b7c63f218,0.9978018403053284,0
b7e2ef23f_873,2,1,17.136,468.75,18.912,3000.0,b7e2ef23f,0.9998303651809692,0
b7fcfb502_874,12,1,56.2827,562.5,59.4187,3281.25,b7fcfb502,0.758802592754364,1
b80bfc8f2_875,17,4,8.5973,1406.25,11.2053,3937.5,b80bfc8f2,0.9996988773345947,0
b89bd05a1_876,14,1,44.431999999999995,2812.5,45.3547,4406.25,b89bd05a1,0.9998617172241211,0
b8d1e4865_877,19,1,43.216,281.25,44.768,2812.5,b8d1e4865,0.9996516704559326,0
b90d004b4_878,1,1,44.0533,3843.75,44.9493,5625.0,b90d004b4,0.9998663663864136,0
b95c42272_879,8,1,23.5093,3750.0,27.631999999999998,5531.25,b95c42272,0.9989084005355835,0
b96574294_880,18,1,20.624000000000002,3187.5,21.3173,5062.5,b96574294,0.997225821018219,0
b988da7d0_881,23,4,30.6271,6459.96,38.5509,11627.9,b988da7d0,0.9927901029586792,0
b9a6e6ce4_882,5,1,20.9333,4781.25,23.2853,10406.2,b9a6e6ce4,0.9851019382476807,0
b9f3581d5_883,18,1,58.5333,3187.5,59.2267,5062.5,b9f3581d5,0.5781965851783752,0
bac502597_884,0,1,36.0853,5906.25,36.88,8250.0,bac502597,0.9986273050308228,0
bae8eb497_885,21,1,7.7973,3281.25,8.8907,4125.0,bae8eb497,0.15837791562080383,1
bb00d418c_886,4,1,15.5733,2343.75,17.4293,4218.75,bb00d418c,0.999405026435852,0
bb4fd3041_887,11,1,43.4736,1808.79,44.6113,5684.77,bb4fd3041,0.9695500135421753,0
bb854bd6e_888,19,1,36.4853,281.25,38.0373,2812.5,bb854bd6e,0.9965127110481262,0
bbd6815be_889,1,1,38.7307,3843.75,39.6267,5625.0,bbd6815be,0.9989025592803955,0
bbd784551_890,13,1,45.3973,93.75,46.0213,843.75,bbd784551,0.9885574579238892,0
bbd9ac366_891,18,1,55.92,3187.5,56.6133,5062.5,bbd9ac366,0.6435940265655518,1
bc18e6dba_892,21,1,5.1253,3281.25,6.2187,4125.0,bc18e6dba,0.9984244108200073,0
bc32d8c84_893,20,1,18.288,1312.5,23.6693,6093.75,bc32d8c84,0.9999597072601318,0
bc9dd660e_894,16,4,38.688,3093.75,40.5227,4593.75,bc9dd660e,0.9999765157699585,0
bc9dd660e_895,16,4,22.768,3093.75,24.6027,4593.75,bc9dd660e,0.9966492056846619,0
bcd686baf_896,7,1,17.7387,4687.5,20.88,11437.5,bcd686baf,0.9998050332069397,0
bd62d4fa2_897,23,4,16.0566,6459.96,23.9804,11627.9,bd62d4fa2,0.7569318413734436,1
bd62d4fa2_898,23,4,8.185,6459.96,16.1088,11627.9,bd62d4fa2,0.9973952770233154,0
bd97b0335_899,11,1,9.822000000000001,1808.79,10.9598,5684.77,bd97b0335,0.9999885559082031,0
bda762977_900,17,1,5.8293,1312.5,12.2827,3937.5,bda762977,0.9984689354896545,0
bdacd5cd2_901,20,1,22.3467,1312.5,27.728,6093.75,bdacd5cd2,0.9999427795410156,0
bdc8dd456_902,13,1,14.2773,93.75,14.9013,843.75,bdc8dd456,0.9999858140945435,0
bdd4aa62c_903,17,1,43.7227,1312.5,50.176,3937.5,bdd4aa62c,0.9979068040847778,0
be0356cf5_904,5,1,35.9893,4781.25,38.3413,10406.2,be0356cf5,0.9992879033088684,0
be6a8ad0d_905,3,1,33.8933,1031.25,34.6347,2812.5,be6a8ad0d,0.6003879308700562,1
bea3bcffa_906,8,1,29.2533,3750.0,33.376,5531.25,bea3bcffa,0.9824329614639282,0
bf58cd236_907,8,1,13.392000000000001,3750.0,17.5147,5531.25,bf58cd236,0.9958100318908691,0
bf6aa9579_908,3,1,47.7653,1031.25,48.5067,2812.5,bf6aa9579,0.3909437656402588,1
bf964d1fa_909,1,1,18.128,3843.75,19.024,5625.0,bf964d1fa,0.04162014648318291,1
bf964d1fa_910,16,4,56.0533,3093.75,57.88800000000001,4593.75,bf964d1fa,0.9989818930625916,0
bf9f90405_911,2,1,7.7067,468.75,9.4827,3000.0,bf9f90405,0.9854192733764648,0
bfacbc575_912,13,1,14.752,93.75,15.376,843.75,bfacbc575,0.9862020611763,1
bffdcd085_913,22,1,10.8693,10687.5,12.4747,13687.5,bffdcd085,0.9998602867126465,0
c0786babe_914,0,1,7.8187,5906.25,8.6133,8250.0,c0786babe,0.9992014765739441,0
c12e0a62b_915,9,1,14.9653,1125.0,17.7707,5250.0,c12e0a62b,0.001283678226172924,1
c12e0a62b_916,17,1,1.5467,1312.5,8.0,3937.5,c12e0a62b,0.9999537467956543,0
c12e0a62b_917,17,1,11.92,1312.5,18.3733,3937.5,c12e0a62b,0.9999669790267944,0
c12e0a62b_918,3,1,21.568,1031.25,22.3093,2812.5,c12e0a62b,0.01129697635769844,1
c12e0a62b_919,17,1,23.488000000000003,1312.5,29.9413,3937.5,c12e0a62b,0.9999902248382568,0
c13f3ab95_920,18,1,11.7973,3187.5,12.4907,5062.5,c13f3ab95,0.969429612159729,1
c15840ebf_921,3,1,53.61600000000001,1031.25,54.3573,2812.5,c15840ebf,0.6013455390930176,1
c16b7270b_922,14,1,58.352,3750.0,58.623999999999995,6468.75,c16b7270b,0.9912567138671875,0
c182aef8c_923,1,1,8.2507,3843.75,9.1467,5625.0,c182aef8c,0.9994274377822876,0
c2143392b_924,2,1,48.1867,468.75,49.9627,3000.0,c2143392b,0.9997854828834534,0
c220f5fec_925,12,1,23.2747,562.5,26.4107,3281.25,c220f5fec,0.9035418629646301,1
c245b2295_926,9,1,50.3573,843.75,53.92,5718.75,c245b2295,0.9995777010917664,0
c271bc1ea_927,14,1,25.664,2812.5,26.5867,4406.25,c271bc1ea,0.9995263814926147,0
c350c0f9f_928,2,1,49.2107,468.75,50.9867,3000.0,c350c0f9f,0.9968920350074768,0
c3662d871_929,13,1,12.9387,93.75,13.5627,843.75,c3662d871,0.9983457326889038,0
c3843eb33_930,0,1,56.2933,5906.25,57.088,8250.0,c3843eb33,0.9982020854949951,1
c39b2fcd3_931,14,1,29.2053,2812.5,30.128,4406.25,c39b2fcd3,0.9994605183601379,0
c3ed6269b_932,2,1,48.672,468.75,50.448,3000.0,c3ed6269b,0.9999079704284668,0
c4a74dcf1_933,2,1,51.9413,468.75,53.7173,3000.0,c4a74dcf1,0.9999885559082031,0
c4b778e64_934,11,1,28.4967,1808.79,29.6345,5684.77,c4b778e64,0.9860327839851379,1
c4ec1e7de_935,12,1,56.1067,562.5,59.2427,3281.25,c4ec1e7de,0.024325130507349968,1
c5503ce7b_936,3,1,7.472,1031.25,8.2133,2812.5,c5503ce7b,0.08834826201200485,1
c569b8181_937,5,1,24.0373,4781.25,26.3893,10406.2,c569b8181,0.8947110772132874,0
c5758ce2f_938,11,1,48.46,1808.79,49.5978,5684.77,c5758ce2f,0.990848183631897,0
c5d61be80_939,4,1,26.9173,2343.75,28.7733,4218.75,c5d61be80,0.9927736520767212,0
c68fb36e7_940,7,1,15.9253,4687.5,19.0667,11437.5,c68fb36e7,0.510295569896698,0
c6a2c0e7c_941,22,1,21.2107,10687.5,22.816,13687.5,c6a2c0e7c,0.9760273098945618,0
c6e411c90_942,19,1,55.7653,281.25,57.3173,2812.5,c6e411c90,0.9991680383682251,0
c72082616_943,5,1,19.792,4781.25,22.144000000000002,10406.2,c72082616,0.9959587454795837,0
c72150f3c_944,11,1,47.9898,1808.79,49.1276,5684.77,c72150f3c,0.09383098781108856,1
c721d69de_945,19,1,0.6507,281.25,2.2027,2812.5,c721d69de,0.9966199398040771,1
c75f2655f_946,6,1,4.784,562.5,6.928,4406.25,c75f2655f,0.9995064735412598,0
c7677947e_947,17,4,19.0187,1406.25,21.6267,3937.5,c7677947e,0.9977787137031555,0
c7918c0f8_948,22,1,38.7413,10687.5,40.3467,13687.5,c7918c0f8,0.9998376369476318,0
c84943395_949,1,1,14.992,3843.75,15.888,5625.0,c84943395,0.9996354579925537,0
c867bdc27_950,23,1,2.2407,7235.16,8.3244,11283.4,c867bdc27,0.30654117465019226,1
c892aa78d_951,14,1,16.1333,3750.0,16.4053,6468.75,c892aa78d,0.996932864189148,0
c8bed66bb_952,10,1,46.8172,947.461,49.2611,10852.7,c8bed66bb,0.9961896538734436,0
c91cae4aa_953,23,4,23.4115,6459.96,31.3353,11627.9,c91cae4aa,0.972383439540863,0
c91cae4aa_954,3,1,33.344,1031.25,34.0853,2812.5,c91cae4aa,0.6235097050666809,1
c96b0c428_955,1,1,11.9787,3843.75,12.8747,5625.0,c96b0c428,0.8489024043083191,1
c9899ee73_956,13,1,0.5653,93.75,1.1893,843.75,c9899ee73,0.9916102290153503,0
c9bd1f599_957,23,1,0.4354,7235.16,6.519,11283.4,c9bd1f599,0.9604681730270386,1
c9dd4934b_958,19,1,29.375999999999998,281.25,30.928,2812.5,c9dd4934b,0.34017443656921387,1
c9df2fecf_959,11,1,53.0576,1808.79,54.1954,5684.77,c9df2fecf,0.99944669008255,0
c9fc89429_960,14,1,39.3493,3750.0,39.6213,6468.75,c9fc89429,0.9996830224990845,0
ca5018f35_961,11,1,17.3163,1808.79,18.4541,5684.77,ca5018f35,0.9999200105667114,0
ca99623ca_962,10,1,13.0032,947.461,15.4471,10852.7,ca99623ca,0.9994082450866699,0
cb10cd9d9_963,13,1,9.9147,93.75,10.5387,843.75,cb10cd9d9,0.9991983771324158,0
cb5ddad47_964,17,1,17.887999999999995,1312.5,24.3413,3937.5,cb5ddad47,0.9888243079185486,1
cb5ddad47_965,17,1,25.7867,1312.5,32.24,3937.5,cb5ddad47,0.9022901654243469,1
cb5ddad47_966,17,1,21.7813,1312.5,28.2347,3937.5,cb5ddad47,0.6093415021896362,1
cbc07e2ec_967,12,1,55.583999999999996,562.5,58.72,3281.25,cbc07e2ec,0.9999349117279053,0
cc05ecd08_968,18,1,0.6667,3187.5,1.36,5062.5,cc05ecd08,0.9999134540557861,0
cc2c48fd7_969,3,1,20.2347,1031.25,20.976,2812.5,cc2c48fd7,0.17190299928188324,1
cc7c17269_970,20,1,29.552,1312.5,34.9333,6093.75,cc7c17269,0.9999663829803467,0
cc8d81b6a_971,21,1,20.9973,3281.25,22.0907,4125.0,cc8d81b6a,0.9997461438179016,0
ccd0a0bff_972,12,1,4.784,562.5,7.92,3281.25,ccd0a0bff,0.9991342425346375,0
ccda58237_973,7,1,54.1707,4687.5,57.312,11437.5,ccda58237,0.72176194190979,0
ccee900dd_974,20,1,55.232,2343.75,58.672,5718.75,ccee900dd,0.999935507774353,0
ccee900dd_975,20,1,25.4933,2343.75,28.9333,5718.75,ccee900dd,0.9936138987541199,0
cd1d48eec_976,15,1,10.5493,93.75,13.8933,1125.0,cd1d48eec,0.992428719997406,0
cdbca5fb8_977,22,1,17.184,10687.5,18.7893,13687.5,cdbca5fb8,0.9377638697624207,0
cde5fd6be_978,22,1,42.672,10687.5,44.2773,13687.5,cde5fd6be,0.9941076040267944,0
ce05b264d_979,7,1,49.93600000000001,4687.5,53.0773,11437.5,ce05b264d,0.04570503905415535,1
ce8270c7b_980,12,1,21.264,562.5,24.4,3281.25,ce8270c7b,0.9486545920372009,1
cea56c949_981,5,1,14.0587,4781.25,16.4107,10406.2,cea56c949,0.9356418251991272,0
cf44264e5_982,20,1,50.4587,2343.75,53.8987,5718.75,cf44264e5,0.5070379972457886,0
cf568dfc0_983,16,4,29.4773,3093.75,31.311999999999998,4593.75,cf568dfc0,0.9964214563369751,0
cf6bd44d9_984,1,1,23.4453,3843.75,24.3413,5625.0,cf6bd44d9,0.5931674838066101,1
cf739c61d_985,10,1,57.4694,947.461,59.9133,10852.7,cf739c61d,0.9999499320983887,0
cf7af9895_986,10,1,56.4245,947.461,58.8684,10852.7,cf7af9895,0.9958458542823792,0
cf867adcc_987,3,1,11.7173,1031.25,12.4587,2812.5,cf867adcc,0.2746715247631073,0
cf8fbc4f1_988,5,1,56.1227,4781.25,58.4747,10406.2,cf8fbc4f1,0.9980149269104004,0
cfa0614e0_989,0,1,49.28,5906.25,50.5707,7500.0,cfa0614e0,0.5230011940002441,0
cfdd68da2_990,19,1,7.744,281.25,9.296,2812.5,cfdd68da2,0.9942493438720703,0
d09dc9dd5_991,23,4,31.4398,6459.96,39.3636,11627.9,d09dc9dd5,0.5125004053115845,1
d1229a222_992,22,1,49.4507,10687.5,51.056000000000004,13687.5,d1229a222,0.9867265224456787,0
d1477bf79_993,7,1,5.2107,4687.5,8.352,11437.5,d1477bf79,0.029254557564854622,1
d14c92027_994,5,1,3.0827,5062.5,6.192,11250.0,d14c92027,0.9991658926010132,0
d15af7840_995,19,1,37.4987,281.25,39.0507,2812.5,d15af7840,0.9983823299407959,0
d1607e9b2_996,22,1,53.3333,10687.5,54.9387,13687.5,d1607e9b2,0.9996826648712158,0
d169ed0b5_997,17,4,18.4427,1312.5,20.976,7406.25,d169ed0b5,0.985625684261322,0
d1debe396_998,6,1,25.264,562.5,27.408,4406.25,d1debe396,0.9999469518661499,0
d22169f4e_999,11,1,7.1866,1808.79,8.3244,5684.77,d22169f4e,0.9762099385261536,0
d291fab38_1000,17,4,6.9387,1406.25,9.5467,3937.5,d291fab38,0.9963154196739197,0
d29f0ca6d_1001,4,1,33.344,2531.25,35.5307,4031.25,d29f0ca6d,0.9966270923614502,0
d2cb96229_1002,2,1,22.224,468.75,24.0,3000.0,d2cb96229,0.9998362064361572,0
d2cb96229_1003,2,1,23.8507,468.75,25.6267,3000.0,d2cb96229,0.9996744394302368,0
d3020850e_1004,14,1,40.5387,2531.25,41.1253,5531.25,d3020850e,0.9999771118164062,0
d3195bece_1005,10,1,38.0459,947.461,40.4898,10852.7,d3195bece,0.02554280310869217,1
d32242280_1006,23,1,44.6868,7235.16,50.7704,11283.4,d32242280,0.9961191415786743,0
d3324f1c0_1007,21,1,24.9973,3281.25,26.0907,4125.0,d3324f1c0,0.9993564486503601,0
d35473d24_1008,11,1,42.1965,1808.79,43.3342,5684.77,d35473d24,0.243192657828331,0
d3713ed31_1009,4,1,56.6133,2343.75,58.4693,4218.75,d3713ed31,0.9736412763595581,1
d49a94504_1010,0,1,1.2853,5906.25,2.08,8250.0,d49a94504,0.9992714524269104,0
d4a03bf19_1011,12,1,29.3547,562.5,32.4907,3281.25,d4a03bf19,0.9916667342185974,0
d4bb34753_1012,8,1,53.7013,3750.0,57.824,5531.25,d4bb34753,0.9978511333465576,0
d5163b4ef_1013,10,1,5.5554,947.461,7.9993,10852.7,d5163b4ef,0.9993224143981934,0
d53f58786_1014,14,1,3.728,2531.25,4.3147,5531.25,d53f58786,0.9526137113571167,0
d58429096_1015,15,1,43.5627,93.75,46.9067,1125.0,d58429096,0.9995020627975464,0
d58429096_1016,7,1,3.7760000000000002,4687.5,6.9173,11437.5,d58429096,0.3748023211956024,1
d5992de83_1017,23,4,6.3274,6459.96,14.2512,11627.9,d5992de83,0.994675874710083,0
d5997789c_1018,23,1,1.9215,7235.16,8.0051,11283.4,d5997789c,0.41220104694366455,1
d59d099b3_1019,17,1,32.9973,1312.5,39.4507,3937.5,d59d099b3,0.9970399737358093,0
d59d099b3_1020,17,1,37.0933,1312.5,43.5467,3937.5,d59d099b3,0.9994687438011169,0
d59d099b3_1021,17,1,41.088,1312.5,47.5413,3937.5,d59d099b3,0.9814192056655884,0
d59d099b3_1022,17,4,36.0267,1406.25,38.6347,3937.5,d59d099b3,0.9883117079734802,0
d5c4f55f4_1023,14,1,34.7947,2812.5,35.7173,4406.25,d5c4f55f4,0.9998136162757874,0
d60157507_1024,20,1,20.4427,1312.5,25.824,6093.75,d60157507,0.9999442100524902,0
d635637b7_1025,5,1,20.5067,4781.25,22.8587,10406.2,d635637b7,0.8524640798568726,0
d63d04076_1026,13,1,0.44799999999999995,93.75,1.072,843.75,d63d04076,0.9901482462882996,0
d63f467b6_1027,15,1,55.6693,93.75,59.0133,1125.0,d63f467b6,0.996056079864502,0
d66a5f57b_1028,13,1,41.903999999999996,93.75,42.528,843.75,d66a5f57b,0.6572247743606567,0
d6c75de73_1029,2,1,41.9093,468.75,43.6853,3000.0,d6c75de73,0.9938254356384277,0
d7068ae10_1030,1,1,26.7467,3843.75,27.6427,5625.0,d7068ae10,0.979634702205658,0
d73ffbc1e_1031,18,1,26.432,3187.5,27.1253,5062.5,d73ffbc1e,0.9326976537704468,0
d7a655c45_1032,20,1,16.9173,2343.75,20.3573,5718.75,d7a655c45,0.49555322527885437,1
d7cf29809_1033,3,1,40.88,1031.25,41.6213,2812.5,d7cf29809,0.1720229685306549,1
d7d49c913_1034,5,1,46.9707,4781.25,49.3227,10406.2,d7d49c913,0.9991080164909363,0
d80fab44f_1035,20,1,50.992,2343.75,54.431999999999995,5718.75,d80fab44f,0.9999978542327881,0
d80fab44f_1036,20,1,55.4933,2343.75,58.9333,5718.75,d80fab44f,0.9999953508377075,0
d817ed6ad_1037,5,1,4.352,4781.25,6.704,10406.2,d817ed6ad,0.9929934144020081,0
d82a81c98_1038,3,1,34.656,1031.25,35.3973,2812.5,d82a81c98,0.2057274580001831,1
d82d5792e_1039,15,1,46.8053,93.75,50.1493,1125.0,d82d5792e,0.9972575306892395,0
d86155abb_1040,1,1,5.1787,3843.75,6.0747,5625.0,d86155abb,0.09847882390022278,1
d8b7f9ed6_1041,23,4,34.0753,6459.96,41.9991,11627.9,d8b7f9ed6,0.9945025444030762,0
d91f25ca7_1042,23,1,16.9854,7235.16,23.06900000000001,11283.4,d91f25ca7,0.99524986743927,0
d922d82e9_1043,12,1,21.7547,562.5,24.8907,3281.25,d922d82e9,0.8153299689292908,1
d93aaa1bc_1044,18,1,3.0987,3187.5,3.792,5062.5,d93aaa1bc,0.998279333114624,0
d96242159_1045,13,1,51.8187,93.75,52.4427,843.75,d96242159,0.9887444972991943,0
d9a1b1ea9_1046,1,1,38.592,3843.75,39.488,5625.0,d9a1b1ea9,0.999966025352478,0
d9bfc9e6b_1047,0,1,56.816,5906.25,57.6107,8250.0,d9bfc9e6b,0.9938872456550598,0
da0d07110_1048,8,1,1.4027,3750.0,5.5253,5531.25,da0d07110,0.9932476282119751,0
da329b0a5_1049,14,1,52.0907,2812.5,53.0133,4406.25,da329b0a5,0.9996157884597778,0
da708c386_1050,12,1,26.7147,562.5,29.8507,3281.25,da708c386,0.9997510313987732,0
da956248e_1051,20,1,45.5893,1312.5,50.9707,6093.75,da956248e,0.9999040365219116,0
daa57db65_1052,2,1,54.72,468.75,56.496,3000.0,daa57db65,0.999910831451416,0
dabd22b08_1053,14,1,28.4,2812.5,29.3227,4406.25,dabd22b08,0.9971422553062439,0
dabddc8ab_1054,11,1,10.4316,1808.79,11.5693,5684.77,dabddc8ab,0.998330295085907,0
dac0c6cb8_1055,13,1,21.8133,93.75,22.4373,843.75,dac0c6cb8,0.9973756074905396,0
dac7a83a3_1056,10,1,41.3489,947.461,43.7928,10852.7,dac7a83a3,0.990285336971283,0
dacda707f_1057,23,1,3.2798,7235.16,9.3635,11283.4,dacda707f,0.9965774416923523,0
db13dd765_1058,4,1,22.816,2343.75,24.671999999999997,4218.75,db13dd765,0.15317560732364655,1
db34c4a5d_1059,10,1,27.9917,947.461,30.4356,10852.7,db34c4a5d,0.99496990442276,0
db3cdbf35_1060,3,1,50.70399999999999,1031.25,51.4453,2812.5,db3cdbf35,0.324481338262558,1
db7d1bf42_1061,23,1,51.2639,7235.16,57.3475,11283.4,db7d1bf42,0.99610435962677,0
db86f881b_1062,21,1,20.976,3281.25,22.0693,4125.0,db86f881b,0.08271342515945435,1
db9673439_1063,20,1,21.824,2343.75,25.264,5718.75,db9673439,0.9965393543243408,0
dbd243625_1064,15,1,9.6587,93.75,13.0027,1125.0,dbd243625,0.9959540367126465,0
dbfb5f469_1065,1,1,3.12,3843.75,4.016,5625.0,dbfb5f469,0.9994074106216431,1
dca449f04_1066,7,1,13.7067,4687.5,16.848,11437.5,dca449f04,0.39992478489875793,1
dcc4d4531_1067,16,4,31.2373,3093.75,33.071999999999996,4593.75,dcc4d4531,0.9978112578392029,0
dcf4ecca1_1068,6,1,27.6373,562.5,29.7813,4406.25,dcf4ecca1,0.9994526505470276,0
dd0830c83_1069,1,1,4.288,3843.75,5.184,5625.0,dd0830c83,0.9993740916252136,0
dd37a8e14_1070,15,1,37.8453,93.75,41.1893,1125.0,dd37a8e14,0.3436177372932434,1
dd38bef4b_1071,23,4,22.6917,6459.96,30.6155,11627.9,dd38bef4b,0.8682270050048828,1
dd38bef4b_1072,23,1,23.6147,7235.16,29.6983,11283.4,dd38bef4b,0.8682270050048828,1
dd46cb7e9_1073,21,1,50.144,3281.25,51.2373,4125.0,dd46cb7e9,0.00944109633564949,1
dd9c51f59_1074,15,1,52.8373,93.75,56.1813,1125.0,dd9c51f59,0.9773961305618286,0
de3737c21_1075,22,1,54.4,10687.5,56.0053,13687.5,de3737c21,0.9963177442550659,0
de80fb815_1076,14,1,58.3573,2531.25,58.943999999999996,5531.25,de80fb815,0.9999245405197144,0
dee541308_1077,9,1,38.5973,1125.0,41.4027,5250.0,dee541308,0.9513580203056335,0
dfa6a4a64_1078,10,1,9.8162,947.461,12.2601,10852.7,dfa6a4a64,0.9966855645179749,0
dfa80535f_1079,10,1,7.6162,947.461,10.06,10852.7,dfa80535f,0.9969974756240845,0
dffd8ea5f_1080,5,1,45.008,4781.25,47.36,10406.2,dffd8ea5f,0.9978231191635132,0
e00019499_1081,20,1,33.1947,1312.5,38.576,6093.75,e00019499,0.9999581575393677,0
e005ce0f5_1082,1,1,1.7813,3843.75,2.6773,5625.0,e005ce0f5,0.9863049983978271,0
e03896110_1083,8,1,32.7893,3750.0,36.912,5531.25,e03896110,0.9981182813644409,0
e0e8ceb33_1084,18,1,34.7093,3187.5,35.4027,5062.5,e0e8ceb33,0.025705477222800255,1
e1582bf8b_1085,11,1,56.6451,1808.79,57.7829,5684.77,e1582bf8b,0.8784269690513611,1
e1a046050_1086,14,1,39.5253,2812.5,40.448,4406.25,e1a046050,0.9995511174201965,0
e1c5ad99b_1087,23,1,46.6083,7235.16,52.6919,11283.4,e1c5ad99b,0.9988484382629395,0
e1ef18eee_1088,6,1,47.3653,562.5,49.5093,4406.25,e1ef18eee,0.9998261332511902,0
e22487d26_1089,10,1,22.6685,947.461,25.1124,10852.7,e22487d26,0.9971349239349365,0
e23e84994_1090,19,1,56.65600000000001,281.25,58.208,2812.5,e23e84994,0.995894193649292,1
e25933b0a_1091,0,1,17.632,5906.25,18.4267,8250.0,e25933b0a,0.9948621392250061,0
e2ce1658e_1092,6,1,34.7307,562.5,36.8747,4406.25,e2ce1658e,0.9972531199455261,1
e2de15b96_1093,15,1,32.8747,93.75,36.2187,1125.0,e2de15b96,0.42276981472969055,1
e383713d9_1094,23,4,0.0348,6459.96,7.9586,11627.9,e383713d9,0.7003222107887268,1
e393a4c21_1095,23,1,49.5746,7235.16,55.6582,11283.4,e393a4c21,0.9995741248130798,0
e42155880_1096,18,1,13.056,3187.5,13.7493,5062.5,e42155880,0.9983993172645569,0
e42215aa0_1097,4,1,1.392,2343.75,3.248,4218.75,e42215aa0,0.008348317816853523,1
e42215aa0_1098,23,4,4.3712,6459.96,12.295,11627.9,e42215aa0,0.9975454211235046,0
e42afc0bd_1099,16,4,58.0853,3093.75,59.92,4593.75,e42afc0bd,0.9843392372131348,0
e4e8c501e_1100,10,1,4.138999999999999,947.461,6.5829,10852.7,e4e8c501e,0.9724774360656738,0
e5625ee50_1101,11,1,52.093999999999994,1808.79,53.2317,5684.77,e5625ee50,0.9272163510322571,0
e569702d8_1102,12,1,3.7119999999999997,562.5,6.848,3281.25,e569702d8,0.9993014335632324,0
e574b09d3_1103,5,1,21.2,4781.25,23.552,10406.2,e574b09d3,0.9953540563583374,0
e585e1acb_1104,5,1,43.8827,4781.25,46.2347,10406.2,e585e1acb,0.9795324206352234,0
e5d1f4efc_1105,1,1,23.32800000000001,3843.75,24.224,5625.0,e5d1f4efc,0.9479173421859741,0
e65e42310_1106,21,1,36.9173,3281.25,38.0107,4125.0,e65e42310,0.9116688370704651,0
e6622a3c9_1107,4,1,30.4213,2343.75,32.2773,4218.75,e6622a3c9,0.9995064735412598,0
e666beee8_1108,9,1,44.0853,1125.0,46.8907,5250.0,e666beee8,0.9589316844940186,1
e6af91bbf_1109,12,1,1.5573,562.5,4.6933,3281.25,e6af91bbf,0.9829809665679932,0
e6de52902_1110,16,4,22.2987,3093.75,24.1333,4593.75,e6de52902,0.9995589852333069,0
e6de52902_1111,16,4,40.48,3093.75,42.3147,4593.75,e6de52902,0.9984513521194458,0
e71d72805_1112,19,1,50.224,281.25,51.776,2812.5,e71d72805,0.9999339580535889,0
e734a1cde_1113,20,1,36.6347,1312.5,42.01600000000001,6093.75,e734a1cde,0.9998980760574341,0
e755e15ec_1114,1,1,13.1093,3843.75,14.0053,5625.0,e755e15ec,0.995879054069519,0
e7847849b_1115,4,1,0.0267,2343.75,1.8827,4218.75,e7847849b,0.9981271624565125,0
e7a81dc55_1116,18,1,46.9227,3187.5,47.61600000000001,5062.5,e7a81dc55,0.996853768825531,0
e7bc335fa_1117,3,1,6.4907,1031.25,7.232,2812.5,e7bc335fa,0.8700448870658875,0
e7de0a728_1118,5,1,23.00800000000001,4781.25,25.36,10406.2,e7de0a728,0.9981605410575867,0
e7dfc5c5f_1119,22,1,38.048,10687.5,39.6533,13687.5,e7dfc5c5f,0.9995447993278503,0
e80890ff7_1120,23,4,21.8848,6459.96,29.8086,11627.9,e80890ff7,0.9730646014213562,0
e8b209030_1121,14,1,4.1493,2531.25,4.7360000000000015,5531.25,e8b209030,0.08152605593204498,1
e9255d07c_1122,22,1,17.0987,10687.5,18.704,13687.5,e9255d07c,0.9928909540176392,0
e9622376a_1123,16,4,30.5707,3093.75,32.4053,4593.75,e9622376a,0.27325040102005005,1
e97de3f6d_1124,14,1,56.6933,3750.0,56.9653,6468.75,e97de3f6d,0.9997865557670593,0
e9bab320a_1125,15,1,5.4773,93.75,8.8213,1125.0,e9bab320a,0.637560248374939,0
e9eb6d4dd_1126,18,1,0.9547,3187.5,1.6480000000000001,5062.5,e9eb6d4dd,0.9998940229415894,0
e9fa364b7_1127,0,1,24.8853,5906.25,25.68,8250.0,e9fa364b7,0.9662584066390991,0
ea133d03e_1128,19,1,54.0,281.25,55.552,2812.5,ea133d03e,0.9753566980361938,0
ea71a1a7d_1129,12,1,41.7333,562.5,44.8693,3281.25,ea71a1a7d,0.5386807322502136,1
ea7aa9e69_1130,8,1,37.664,3750.0,41.7867,5531.25,ea7aa9e69,0.9985878467559814,0
ea7da0899_1131,7,1,18.1973,4687.5,21.3387,11437.5,ea7da0899,0.1261591762304306,1
ea961733c_1132,13,1,48.6987,93.75,49.3227,843.75,ea961733c,0.9986969828605652,0
eac4c4220_1133,1,1,3.216,3843.75,4.112,5625.0,eac4c4220,0.13817737996578217,1
eaf5cf482_1134,8,1,49.9413,3750.0,54.06399999999999,5531.25,eaf5cf482,0.9927970767021179,1
eb0cd97da_1135,6,1,22.1013,562.5,24.1227,3187.5,eb0cd97da,0.47120457887649536,1
eb3145e54_1136,5,1,55.3227,4781.25,57.6747,10406.2,eb3145e54,0.08516011387109756,1
ebdd7c181_1137,8,1,47.84,3750.0,51.9627,5531.25,ebdd7c181,0.8310005068778992,1
ec1255787_1138,4,1,29.936,2343.75,31.791999999999998,4218.75,ec1255787,0.9992194175720215,0
ec1c4a754_1139,10,1,33.3381,947.461,35.782,10852.7,ec1c4a754,0.9982717037200928,0
ec24a4d07_1140,18,1,15.696,3187.5,16.3893,5062.5,ec24a4d07,0.9994586110115051,0
ec3a54dc6_1141,14,1,38.7467,2531.25,39.3333,5531.25,ec3a54dc6,0.9997933506965637,0
ec63de3ab_1142,5,1,56.8213,4781.25,59.1733,10406.2,ec63de3ab,0.9241055846214294,1
ecd47f7cc_1143,23,1,17.1886,7235.16,23.2722,11283.4,ecd47f7cc,0.9967086315155029,0
ed10a157a_1144,23,1,38.7019,7235.16,44.7855,11283.4,ed10a157a,0.9687970280647278,0
ed2ae7025_1145,18,1,58.1333,3187.5,58.8267,5062.5,ed2ae7025,0.999889612197876,0
ed2f84e75_1146,23,4,24.7815,6459.96,32.7053,11627.9,ed2f84e75,0.9542810916900635,1
ed2f84e75_1147,22,1,19.887999999999998,10687.5,21.4933,13687.5,ed2f84e75,0.9987571239471436,0
ed2f84e75_1148,5,1,19.6107,4781.25,21.9627,10406.2,ed2f84e75,0.04900261387228966,1
ed36faac8_1149,4,1,23.7013,2343.75,25.5573,4218.75,ed36faac8,0.999948263168335,0
ed38c48b8_1150,2,1,39.6853,468.75,41.4613,3000.0,ed38c48b8,0.9996923208236694,0
edd3b27d6_1151,14,1,36.3413,2812.5,37.264,4406.25,edd3b27d6,0.9964738488197327,0
edf598655_1152,6,1,47.37600000000001,562.5,49.52,4406.25,edf598655,0.999510645866394,0
ee3dc0bc6_1153,17,1,42.8533,1312.5,49.3067,3937.5,ee3dc0bc6,0.999300479888916,0
ee3dc0bc6_1154,17,1,47.071999999999996,1312.5,53.5253,3937.5,ee3dc0bc6,0.9995748400688171,0
ee3eab224_1155,23,1,3.9822,7235.16,10.0659,11283.4,ee3eab224,0.9912824630737305,0
ee80e2415_1156,3,1,55.0827,1031.25,55.824,2812.5,ee80e2415,0.32145458459854126,1
eeb9a3c4b_1157,13,1,51.9787,93.75,52.6027,843.75,eeb9a3c4b,0.9959861636161804,0
eee00469a_1158,11,1,14.2164,1808.79,15.3542,5684.77,eee00469a,0.5765643119812012,0
ef10f60bf_1159,8,1,44.2667,3750.0,48.3893,5531.25,ef10f60bf,0.9705492854118347,0
ef3647390_1160,12,1,26.351999999999997,562.5,29.488000000000003,3281.25,ef3647390,0.9998273253440857,0
efb6a2e01_1161,11,1,51.9837,1808.79,53.1215,5684.77,efb6a2e01,0.9912251830101013,0
efbfe6b39_1162,14,1,23.232,2812.5,24.1547,4406.25,efbfe6b39,0.999913215637207,0
f152e26e3_1163,8,1,51.2533,3750.0,55.37600000000001,5531.25,f152e26e3,0.9954798221588135,1
f1aa1c855_1164,22,1,5.2907,10687.5,6.896,13687.5,f1aa1c855,0.9428303837776184,1
f1cc7d0a4_1165,12,1,0.9867,562.5,4.1227,3281.25,f1cc7d0a4,0.999619722366333,0
f2493eda1_1166,8,1,16.544,3750.0,20.6667,5531.25,f2493eda1,0.9916889071464539,1
f2890653e_1167,11,1,19.2145,1808.79,20.3523,5684.77,f2890653e,0.9999747276306152,0
f2c52223a_1168,4,1,6.4853,2343.75,8.3413,4218.75,f2c52223a,0.9992077946662903,0
f2d7b8ed8_1169,4,1,52.7627,2531.25,54.9493,4031.25,f2d7b8ed8,0.9892255663871765,0
f33a1793f_1170,16,4,8.3147,3093.75,10.1493,4593.75,f33a1793f,0.9990465044975281,0
f3b84afb1_1171,21,1,23.0293,3281.25,24.1227,4125.0,f3b84afb1,0.08582039922475815,1
f3cb40395_1172,23,1,48.3439,7235.16,54.4276,11283.4,f3cb40395,0.9879142642021179,0
f3f82b897_1173,19,1,53.7227,281.25,55.2747,2812.5,f3f82b897,0.9537504315376282,1
f3f82b897_1174,19,1,51.7013,281.25,53.2533,2812.5,f3f82b897,0.8461334109306335,1
f4d05c0de_1175,5,1,42.08,4781.25,44.431999999999995,10406.2,f4d05c0de,0.08392076939344406,1
f51c0da28_1176,7,1,47.056000000000004,4687.5,50.1973,11437.5,f51c0da28,0.0653948113322258,1
f543f0d31_1177,11,1,24.3868,1808.79,25.5245,5684.77,f543f0d31,0.5981202721595764,0
f55ce9e53_1178,8,1,1.5893,3750.0,5.7120000000000015,5531.25,f55ce9e53,0.9844244718551636,0
f5889157c_1179,16,4,53.04,3093.75,54.8747,4593.75,f5889157c,0.075585275888443,1
f5c3420f6_1180,10,1,28.0033,947.461,30.4472,10852.7,f5c3420f6,0.9763398766517639,1
f5e6456f0_1181,0,1,41.6693,5906.25,42.464,8250.0,f5e6456f0,0.9983395338058472,0
f6e41b038_1182,7,1,9.056000000000001,4687.5,12.1973,11437.5,f6e41b038,0.9022613763809204,1
f702f163c_1183,14,1,20.688000000000002,3750.0,20.96,6468.75,f702f163c,0.9987456798553467,0
f7466aeeb_1184,9,1,34.352,843.75,37.9147,5718.75,f7466aeeb,0.988599419593811,0
f7d3b0080_1185,10,1,43.0904,947.461,45.5343,10852.7,f7d3b0080,0.9988277554512024,0
f7d92975f_1186,23,1,28.5141,7235.16,34.5977,11283.4,f7d92975f,0.9587310552597046,0
f84b8c8d3_1187,23,4,1.1958,6459.96,9.1196,11627.9,f84b8c8d3,0.9884771108627319,0
f851b9605_1188,9,1,51.7493,843.75,55.312,5718.75,f851b9605,0.4461826980113983,0
f87ef432d_1189,5,1,17.5413,4781.25,19.8933,10406.2,f87ef432d,0.9924465417861938,0
f8c661973_1190,16,4,18.2347,3093.75,20.0693,4593.75,f8c661973,0.9993384480476379,0
f97ababc1_1191,15,1,10.8853,93.75,14.2293,1125.0,f97ababc1,0.9950127005577087,1
f97ababc1_1192,15,1,9.12,93.75,12.464,1125.0,f97ababc1,0.9995891451835632,0
f9e724b46_1193,22,1,16.0693,10687.5,17.6747,13687.5,f9e724b46,0.9976595640182495,0
fa0eee1e4_1194,8,1,39.0347,3750.0,43.1573,5531.25,fa0eee1e4,0.9971849322319031,0
fa9353c0a_1195,23,1,44.4662,7235.16,50.5498,11283.4,fa9353c0a,0.4313948452472687,1
fb02b0607_1196,21,1,36.4427,3281.25,37.536,4125.0,fb02b0607,0.26767629384994507,1
fb3725395_1197,14,1,54.1227,2812.5,55.0453,4406.25,fb3725395,0.9995693564414978,0
fb5371e7b_1198,23,1,50.1667,7235.16,56.2503,11283.4,fb5371e7b,0.9950071573257446,0
fba69b00a_1199,21,1,36.5653,3281.25,37.6587,4125.0,fba69b00a,0.08806759119033813,1
fbb31daeb_1200,11,1,52.7615,1808.79,53.8993,5684.77,fbb31daeb,0.5525720715522766,1
fbd5bbb6e_1201,23,4,45.099,6459.96,53.0228,11627.9,fbd5bbb6e,0.9889655113220215,0
fc47cfba3_1202,0,1,13.952,5906.25,15.2427,7500.0,fc47cfba3,0.9989932179450989,0
fc6609050_1203,0,1,42.9973,5906.25,43.792,8250.0,fc6609050,0.9952518939971924,0
fc6c3b488_1204,21,1,42.3467,3281.25,43.44,4125.0,fc6c3b488,0.15156865119934082,1
fd1970634_1205,2,1,55.4987,468.75,57.2747,3000.0,fd1970634,0.9999290704727173,0
fd3f0d49b_1206,6,1,39.8507,562.5,41.9947,4406.25,fd3f0d49b,0.9999986886978149,0
fd6a520d8_1207,8,1,6.8213,3750.0,10.944,5531.25,fd6a520d8,0.8268711566925049,0
fd7cc65e1_1208,5,1,57.5307,4781.25,59.8827,10406.2,fd7cc65e1,0.9890332221984863,0
fdda158ed_1209,12,1,42.848,562.5,45.983999999999995,3281.25,fdda158ed,0.1490863710641861,1
fe8ce67c3_1210,20,1,50.8213,1312.5,56.2027,6093.75,fe8ce67c3,0.9992091059684753,0
fe8d9ac40_1211,13,1,53.472,93.75,54.096000000000004,843.75,fe8d9ac40,0.9986321330070496,0
fea6b438a_1212,4,1,43.5787,2531.25,45.7653,4031.25,fea6b438a,0.994520366191864,0
ff2eb9ce5_1213,0,1,15.2267,5906.25,16.0213,8250.0,ff2eb9ce5,0.999115526676178,0
ffb8d8391_1214,5,1,14.3467,4781.25,16.6987,10406.2,ffb8d8391,0.42988237738609314,1
ffb9a7b9a_1215,18,1,40.32,3187.5,41.0133,5062.5,ffb9a7b9a,0.04642818868160248,1
